file,winner,F1,F2,F3,edit
KLH014a_0001,20,20,20,20,0
KLH014a_0002,20,20,20,20,0
KLH014a_0003,16,16,16,16,0
KLH014a_0004,1,1,1,1,0
KLH014a_0005,6,6,6,6,0
KLH014a_0006,7,7,7,7,0
KLH014a_0007,20,20,20,20,0
KLH014a_0008,1,1,1,1,0
KLH014a_0009,12,12,12,12,0
KLH014a_0010,14,14,14,14,0
KLH014a_0011,1,1,1,1,0
KLH014a_0012,4,4,4,4,0
KLH014a_0013,1,1,1,1,0
KLH014a_0014,20,20,20,20,0
KLH014a_0015,10,10,10,10,0
KLH014a_0016,17,17,17,17,0
KLH014a_0017,1,1,1,1,0
KLH014a_0018,12,12,12,12,0
KLH014a_0019,17,17,17,17,0
KLH014a_0020,1,1,1,1,0
KLH014a_0021,9,9,9,9,0
KLH014a_0022,20,20,20,20,0
KLH014a_0023,15,15,15,15,0
KLH014a_0024,6,6,6,6,0
KLH014a_0025,1,1,1,1,0
KLH014a_0026,1,1,1,1,0
KLH014a_0027,5,5,5,5,0
KLH014a_0028,20,20,20,20,0
KLH014a_0029,4,4,4,4,0
KLH014a_0030,8,8,8,8,0
KLH014a_0031,5,5,5,5,0
KLH014a_0032,19,19,19,19,0
KLH014a_0033,3,3,3,3,0
KLH014a_0034,7,7,7,7,0
KLH014a_0035,6,6,6,6,0
KLH014a_0036,20,20,20,20,0
KLH014a_0037,15,15,15,15,0
KLH014a_0038,1,1,1,1,0
KLH014a_0039,6,6,6,6,0
KLH014a_0040,1,1,1,1,0
KLH014a_0041,8,8,8,8,0
KLH014a_0042,20,20,20,20,0
KLH014a_0043,10,10,10,10,0
KLH014a_0044,15,15,15,15,0
KLH014a_0045,6,6,6,6,0
KLH014a_0046,6,6,6,6,0
KLH014a_0047,6,6,6,6,0
KLH014a_0048,20,20,20,20,0
KLH014a_0049,5,5,5,5,0
KLH014a_0050,11,11,11,11,0
KLH014a_0051,2,2,2,2,0
KLH014a_0052,14,14,14,14,0
KLH014a_0053,1,1,1,1,0
KLH014a_0054,19,19,19,19,0
KLH014a_0055,12,12,12,12,0
KLH014a_0056,1,1,1,1,0
KLH014a_0057,5,5,5,5,0
KLH014a_0058,3,3,3,3,0
KLH014a_0059,7,7,7,7,0
KLH014a_0060,12,12,12,12,0
KLH014a_0061,12,12,12,12,0
KLH014a_0062,1,1,1,1,0
KLH014a_0063,16,16,16,16,0
KLH014a_0064,19,19,19,19,0
KLH014a_0065,6,6,6,6,0
KLH014a_0066,6,6,6,6,0
KLH014a_0067,14,14,14,14,0
KLH014a_0068,1,1,1,1,0
KLH014a_0069,6,6,6,6,0
KLH014a_0070,12,12,12,12,0
KLH014a_0071,14,14,14,14,0
KLH014a_0072,1,1,1,1,0
KLH014a_0073,2,2,2,2,0
KLH014a_0074,5,5,5,5,0
KLH014a_0075,18,18,18,18,0
KLH014a_0076,3,3,3,3,0
KLH014a_0077,9,9,9,9,0
KLH014a_0078,18,18,18,18,0
KLH014a_0079,20,20,20,20,0
KLH014a_0080,8,8,8,8,0
KLH014a_0081,9,9,9,9,0
KLH014a_0082,16,16,16,16,0
KLH014a_0083,13,13,13,13,0
KLH014a_0084,6,6,6,6,0
KLH014a_0085,1,1,1,1,0
KLH014a_0086,15,15,15,15,0
KLH014a_0087,9,9,9,9,0
KLH014a_0088,10,10,10,10,0
KLH014a_0089,1,1,1,1,0
KLH014a_0090,13,13,13,13,0
KLH014a_0091,3,3,3,3,0
KLH014a_0092,2,2,2,2,0
KLH014a_0093,10,10,10,10,0
KLH014a_0094,20,20,20,20,0
KLH014a_0095,6,6,6,6,0
KLH014a_0096,19,19,19,19,0
KLH014a_0097,20,20,20,20,0
KLH014a_0098,3,3,3,3,0
KLH014a_0099,20,20,20,20,0
KLH014a_0100,1,1,1,1,0
KLH014a_0101,18,18,18,18,0
KLH014a_0102,13,13,13,13,0
KLH014a_0103,9,9,9,9,0
KLH014a_0104,10,10,10,10,0
KLH014a_0105,6,6,6,6,0
KLH014a_0106,3,3,3,3,0
KLH014a_0107,4,4,4,4,0
KLH014a_0108,20,20,20,20,0
KLH014a_0109,8,8,8,8,0
KLH014a_0110,20,20,20,20,0
KLH014a_0111,15,15,15,15,0
KLH014a_0112,5,5,5,5,0
KLH014a_0113,5,5,5,5,0
KLH014a_0114,17,17,17,17,0
KLH014a_0115,9,9,9,9,0
KLH014a_0116,2,2,2,2,0
KLH014a_0117,13,13,13,13,0
KLH014a_0118,17,17,17,17,0
KLH014a_0119,6,6,6,6,0
KLH014a_0120,1,1,1,1,0
KLH014a_0121,3,3,3,3,0
KLH014a_0122,10,10,10,10,0
KLH014a_0123,19,19,19,19,0
KLH014a_0124,18,18,18,18,0
KLH014a_0125,12,12,12,12,0
KLH014a_0126,18,18,18,18,0
KLH014a_0127,13,13,13,13,0
KLH014a_0128,13,13,13,13,0
KLH014a_0129,10,10,10,10,0
KLH014a_0130,6,6,6,6,0
KLH014a_0131,3,3,3,3,0
KLH014a_0132,17,17,17,17,0
KLH014a_0133,2,2,2,2,0
KLH014a_0134,14,14,14,14,0
KLH014a_0135,1,1,1,1,0
KLH014a_0136,18,18,18,18,0
KLH014a_0137,19,19,19,19,0
KLH014a_0138,4,4,4,4,0
KLH014a_0139,1,1,1,1,0
KLH014a_0140,20,20,20,20,0
KLH014a_0141,20,20,20,20,0
KLH014a_0142,20,20,20,20,0
KLH014a_0143,2,2,2,2,0
KLH014a_0144,20,20,20,20,0
KLH014a_0145,2,2,2,2,0
KLH014a_0146,20,20,20,20,0
KLH014a_0147,8,8,8,8,0
KLH014a_0148,10,10,10,10,0
KLH014a_0149,18,18,18,18,0
KLH014a_0150,5,5,5,5,0
KLH014a_0151,1,1,1,1,0
KLH014a_0152,1,1,1,1,0
KLH014a_0153,20,20,20,20,0
KLH014a_0154,10,10,10,10,0
KLH014a_0155,10,10,10,10,0
KLH014a_0156,6,6,6,6,0
KLH014a_0157,14,14,14,14,0
KLH014a_0158,1,1,1,1,0
KLH014a_0159,8,8,8,8,0
KLH014a_0160,18,18,18,18,0
KLH014a_0161,1,1,1,1,0
KLH014a_0162,8,8,8,8,0
KLH014a_0163,8,8,8,8,0
KLH014a_0164,15,15,15,15,0
KLH014a_0165,1,1,1,1,0
KLH014a_0166,7,7,7,7,0
KLH014a_0167,14,14,14,14,0
KLH014a_0168,11,11,11,11,0
KLH014a_0169,1,1,1,1,0
KLH014a_0170,7,7,7,7,0
KLH014a_0171,13,13,13,13,0
KLH014a_0172,1,1,1,1,0
KLH014a_0173,8,8,8,8,0
KLH014a_0174,11,11,11,11,0
KLH014a_0175,11,11,11,11,0
KLH014a_0176,9,9,9,9,0
KLH014a_0177,19,19,19,19,0
KLH014a_0178,10,10,10,10,0
KLH014a_0179,20,20,20,20,0
KLH014a_0180,19,19,19,19,0
KLH014a_0181,1,1,1,1,0
KLH014a_0182,20,20,20,20,0
KLH014a_0183,20,20,20,20,0
KLH014a_0184,4,4,4,4,0
KLH014a_0185,1,1,1,1,0
KLH014a_0186,18,18,18,18,0
KLH014a_0187,20,20,20,20,0
KLH014a_0188,19,19,19,19,0
KLH014a_0189,3,3,3,3,0
KLH014a_0190,5,5,5,5,0
KLH014a_0191,14,14,14,14,0
KLH014a_0192,8,8,8,8,0
KLH014a_0193,3,3,3,3,0
KLH014a_0194,5,5,5,5,0
KLH014a_0195,16,16,16,16,0
KLH014a_0196,9,9,9,9,0
KLH014a_0197,15,15,15,15,0
KLH014a_0198,1,1,1,1,0
KLH014a_0199,1,1,1,1,0
KLH014a_0200,20,20,20,20,0
KLH014a_0201,1,1,1,1,0
KLH014a_0202,14,14,14,14,0
KLH014a_0203,13,13,13,13,0
KLH014a_0204,20,20,20,20,0
KLH014a_0205,5,5,5,5,0
KLH014a_0206,5,5,5,5,0
KLH014a_0207,13,13,13,13,0
KLH014a_0208,20,20,20,20,0
KLH014a_0209,1,1,1,1,0
KLH014a_0210,16,16,16,16,0
KLH014a_0211,4,4,4,4,0
KLH014a_0212,19,19,19,19,0
KLH014a_0213,18,18,18,18,0
KLH014a_0214,9,9,9,9,0
KLH014a_0215,3,3,3,3,0
KLH014a_0216,14,14,14,14,0
KLH014a_0217,6,6,6,6,0
KLH014a_0218,16,16,16,16,0
KLH014a_0219,20,20,20,20,0
KLH014a_0220,5,5,5,5,0
KLH014a_0221,13,13,13,13,0
KLH014a_0222,11,11,11,11,0
KLH014a_0223,4,4,4,4,0
KLH014a_0224,6,6,6,6,0
KLH014a_0225,19,19,19,19,0
KLH014a_0226,1,1,1,1,0
KLH014a_0227,10,10,10,10,0
KLH014a_0228,20,20,20,20,0
KLH014a_0229,20,20,20,20,0
KLH014a_0230,1,1,1,1,0
KLH014a_0231,11,11,11,11,0
KLH014a_0232,1,1,1,1,0
KLH014a_0233,1,1,1,1,0
KLH014a_0234,2,2,2,2,0
KLH014a_0235,3,3,3,3,0
KLH014a_0236,1,1,1,1,0
KLH014a_0237,5,5,5,5,0
KLH014a_0238,2,2,2,2,0
KLH014a_0239,4,4,4,4,0
KLH014a_0240,1,1,1,1,0
KLH014a_0241,18,18,18,18,0
KLH014a_0242,1,1,1,1,0
KLH014a_0243,4,4,4,4,0
KLH014a_0244,1,1,1,1,0
KLH014a_0245,11,11,11,11,0
KLH014a_0246,20,20,20,20,0
KLH014a_0247,3,3,3,3,0
KLH014a_0248,20,20,20,20,0
KLH014a_0249,9,9,9,9,0
KLH014a_0250,19,19,19,19,0
KLH014a_0251,18,18,18,18,0
KLH014a_0252,7,7,7,7,0
KLH014a_0253,2,2,2,2,0
KLH014a_0254,11,11,11,11,0
KLH014a_0255,18,18,18,18,0
KLH014a_0256,20,20,20,20,0
KLH014a_0257,1,1,1,1,0
KLH014a_0258,12,12,12,12,0
KLH014a_0259,1,1,1,1,0
KLH014a_0260,1,1,1,1,0
KLH014a_0261,18,18,18,18,0
KLH014a_0262,20,20,20,20,0
KLH014a_0263,10,10,10,10,0
KLH014a_0264,17,17,17,17,0
KLH014a_0265,10,10,10,10,0
KLH014a_0266,3,3,3,3,0
KLH014a_0267,19,19,19,19,0
KLH014a_0268,20,20,20,20,0
KLH014a_0269,7,7,7,7,0
KLH014a_0270,2,2,2,2,0
KLH014a_0271,2,2,2,2,0
KLH014a_0272,1,1,1,1,0
KLH014a_0273,18,18,18,18,0
KLH014a_0274,18,18,18,18,0
KLH014a_0275,20,20,20,20,0
KLH014a_0276,3,3,3,3,0
KLH014a_0277,1,1,1,1,0
KLH014a_0278,1,1,1,1,0
KLH014a_0279,4,4,4,4,0
KLH014a_0280,20,20,20,20,0
KLH014a_0281,12,12,12,12,0
KLH014a_0282,3,3,3,3,0
KLH014a_0283,20,20,20,20,0
KLH014a_0284,20,20,20,20,0
KLH014a_0285,19,19,19,19,0
KLH014a_0286,1,1,1,1,0
KLH014a_0287,4,4,4,4,0
KLH014a_0288,17,17,17,17,0
KLH014a_0289,14,14,14,14,0
KLH014a_0290,1,1,1,1,0
KLH014a_0291,7,7,7,7,0
KLH014a_0292,17,17,17,17,0
KLH014a_0293,4,4,4,4,0
KLH014a_0294,1,1,1,1,0
KLH014a_0295,8,8,8,8,0
KLH014a_0296,15,15,15,15,0
KLH014a_0297,11,11,11,11,0
KLH014a_0298,17,17,17,17,0
KLH014a_0299,18,18,18,18,0
KLH014a_0300,7,7,7,7,0
KLH014a_0301,15,15,15,15,0
KLH014a_0302,20,20,20,20,0
KLH014a_0303,20,20,20,20,0
KLH014a_0304,13,13,13,13,0
KLH014a_0305,16,16,16,16,0
KLH014a_0306,18,18,18,18,0
KLH014a_0307,6,6,6,6,0
KLH014a_0308,1,1,1,1,0
KLH014a_0309,5,5,5,5,0
KLH014a_0310,20,20,20,20,0
KLH014a_0311,18,18,18,18,0
KLH014a_0312,12,12,12,12,0
KLH014a_0313,1,1,1,1,0
KLH014a_0314,5,5,5,5,0
KLH014a_0315,1,1,1,1,0
KLH014a_0316,9,9,9,9,0
KLH014a_0317,8,8,8,8,0
KLH014a_0318,16,16,16,16,0
KLH014a_0319,20,20,20,20,0
KLH014a_0320,20,20,20,20,0
KLH014a_0321,20,20,20,20,0
KLH014a_0322,1,1,1,1,0
KLH014a_0323,9,9,9,9,0
KLH014a_0324,15,15,15,15,0
KLH014a_0325,12,12,12,12,0
KLH014a_0326,20,20,20,20,0
KLH014a_0327,17,17,17,17,0
KLH014a_0328,1,1,1,1,0
KLH014a_0329,13,13,13,13,0
KLH014a_0330,4,4,4,4,0
KLH014a_0331,7,7,7,7,0
KLH014a_0332,12,12,12,12,0
KLH014a_0333,11,11,11,11,0
KLH014a_0334,2,2,2,2,0
KLH014a_0335,2,2,2,2,0
KLH014a_0336,14,14,14,14,0
KLH014a_0337,17,17,17,17,0
KLH014a_0338,3,3,3,3,0
KLH014a_0339,20,20,20,20,0
KLH014a_0340,2,2,2,2,0
KLH014a_0341,20,20,20,20,0
KLH014a_0342,13,13,13,13,0
KLH014a_0343,20,20,20,20,0
KLH014a_0344,2,2,2,2,0
KLH014a_0345,17,17,17,17,0
KLH014a_0346,8,8,8,8,0
KLH014a_0347,2,2,2,2,0
KLH014a_0348,20,20,20,20,0
KLH014a_0349,3,3,3,3,0
KLH014a_0350,1,1,1,1,0
KLH014a_0351,1,1,1,1,0
KLH014a_0352,19,19,19,19,0
KLH014a_0353,9,9,9,9,0
KLH014a_0354,14,14,14,14,0
KLH014a_0355,1,1,1,1,0
KLH014a_0356,1,1,1,1,0
KLH014a_0357,15,15,15,15,0
KLH014a_0358,10,10,10,10,0
KLH014a_0359,5,5,5,5,0
KLH014a_0360,3,3,3,3,0
KLH014a_0361,15,15,15,15,0
KLH014a_0362,1,1,1,1,0
KLH014a_0363,19,19,19,19,0
KLH014a_0364,7,7,7,7,0
KLH014a_0365,1,1,1,1,0
KLH014a_0366,20,20,20,20,0
KLH014a_0367,20,20,20,20,0
KLH014a_0368,20,20,20,20,0
KLH014a_0369,1,1,1,1,0
KLH014a_0370,10,10,10,10,0
KLH014a_0371,1,1,1,1,0
KLH014a_0372,1,1,1,1,0
KLH014a_0373,20,20,20,20,0
KLH014a_0374,1,1,1,1,0
KLH014a_0375,2,2,2,2,0
KLH014a_0376,1,1,1,1,0
KLH014a_0377,1,1,1,1,0
KLH014a_0378,2,2,2,2,0
KLH014a_0379,1,1,1,1,0
KLH014a_0380,20,20,20,20,0
KLH014a_0381,20,20,20,20,0
KLH014a_0382,14,14,14,14,0
KLH014a_0383,2,2,2,2,0
KLH014a_0384,1,1,1,1,0
KLH014a_0385,4,4,4,4,0
KLH014a_0386,7,7,7,7,0
KLH014a_0387,17,17,17,17,0
KLH014a_0388,7,7,7,7,0
KLH014a_0389,17,17,17,17,0
KLH014a_0390,19,19,19,19,0
KLH014a_0391,13,13,13,13,0
KLH014a_0392,11,11,11,11,0
KLH014a_0393,3,3,3,3,0
KLH014a_0394,18,18,18,18,0
KLH014a_0395,20,20,20,20,0
KLH014a_0396,11,11,11,11,0
KLH014a_0397,20,20,20,20,0
KLH014a_0398,7,7,7,7,0
KLH014a_0399,3,3,3,3,0
KLH014a_0400,9,9,9,9,0
KLH014a_0401,20,20,20,20,0
KLH014a_0402,7,7,7,7,0
KLH014a_0403,18,18,18,18,0
KLH014a_0404,13,13,13,13,0
KLH014a_0405,12,12,12,12,0
KLH014a_0406,3,3,3,3,0
KLH014a_0407,6,6,6,6,0
KLH014a_0408,20,20,20,20,0
KLH014a_0409,8,8,8,8,0
KLH014a_0410,20,20,20,20,0
KLH014a_0411,5,5,5,5,0
KLH014a_0412,20,20,20,20,0
KLH014a_0413,20,20,20,20,0
KLH014a_0414,17,17,17,17,0
KLH014a_0415,3,3,3,3,0
KLH014a_0416,1,1,1,1,0
KLH014a_0417,18,18,18,18,0
KLH014a_0418,20,20,20,20,0
KLH014a_0419,13,13,13,13,0
KLH014a_0420,1,1,1,1,0
KLH014a_0421,10,10,10,10,0
KLH014a_0422,1,1,1,1,0
KLH014a_0423,1,1,1,1,0
KLH014a_0424,18,18,18,18,0
KLH014a_0425,11,11,11,11,0
KLH014a_0426,5,5,5,5,0
KLH014a_0427,1,1,1,1,0
KLH014a_0428,19,19,19,19,0
KLH014a_0429,20,20,20,20,0
KLH014a_0430,14,14,14,14,0
KLH014a_0431,12,12,12,12,0
KLH014a_0432,20,20,20,20,0
KLH014a_0433,5,5,5,5,0
KLH014a_0434,5,5,5,5,0
KLH014a_0435,20,20,20,20,0
KLH014a_0436,9,9,9,9,0
KLH014a_0437,17,17,17,17,0
KLH014a_0438,14,14,14,14,0
KLH014a_0439,20,20,20,20,0
KLH014a_0440,17,17,17,17,0
KLH014a_0441,8,8,8,8,0
KLH014a_0442,1,1,1,1,0
KLH014a_0443,18,18,18,18,0
KLH014a_0444,20,20,20,20,0
KLH014a_0445,17,17,17,17,0
KLH014a_0446,5,5,5,5,0
KLH014a_0447,17,17,17,17,0
KLH014a_0448,10,10,10,10,0
KLH014a_0449,20,20,20,20,0
KLH014a_0450,19,19,19,19,0
KLH014a_0451,20,20,20,20,0
KLH014a_0452,7,7,7,7,0
KLH014a_0453,20,20,20,20,0
KLH014a_0454,20,20,20,20,0
KLH014a_0455,1,1,1,1,0
KLH014a_0456,20,20,20,20,0
KLH014a_0457,12,12,12,12,0
KLH014a_0458,9,9,9,9,0
KLH014a_0459,19,19,19,19,0
KLH014a_0460,10,10,10,10,0
KLH014a_0461,16,16,16,16,0
KLH014a_0462,15,15,15,15,0
KLH014a_0463,19,19,19,19,0
KLH014a_0464,1,1,1,1,0
KLH014a_0465,1,1,1,1,0
KLH014a_0466,8,8,8,8,0
KLH014a_0467,6,6,6,6,0
KLH014a_0468,9,9,9,9,0
KLH014a_0469,10,10,10,10,0
KLH014a_0470,4,4,4,4,0
KLH014a_0471,16,16,16,16,0
KLH014a_0472,20,20,20,20,0
KLH014a_0473,5,5,5,5,0
KLH014a_0474,4,4,4,4,0
KLH014a_0475,8,8,8,8,0
KLH014a_0476,20,20,20,20,0
KLH014a_0477,11,11,11,11,0
KLH014a_0478,11,11,11,11,0
KLH014a_0479,15,15,15,15,0
KLH014a_0480,1,1,1,1,0
KLH014a_0481,20,20,20,20,0
KLH014a_0482,20,20,20,20,0
KLH014a_0483,2,2,2,2,0
KLH014a_0484,1,1,1,1,0
KLH014a_0485,18,18,18,18,0
KLH014a_0486,11,11,11,11,0
KLH014a_0487,1,1,1,1,0
KLH014a_0488,17,17,17,17,0
KLH014a_0489,17,17,17,17,0
KLH014a_0490,2,2,2,2,0
KLH014a_0491,1,1,1,1,0
KLH014a_0492,20,20,20,20,0
KLH014a_0493,5,5,5,5,0
KLH014a_0494,4,4,4,4,0
KLH014a_0495,8,8,8,8,0
KLH014a_0496,13,13,13,13,0
KLH014a_0497,8,8,8,8,0
KLH014a_0498,14,14,14,14,0
KLH014a_0499,20,20,20,20,0
KLH014a_0500,20,20,20,20,0
KLH014a_0501,14,14,14,14,0
KLH014a_0502,15,15,15,15,0
KLH014a_0503,19,19,19,19,0
KLH014a_0504,1,1,1,1,0
KLH014a_0505,6,6,6,6,0
KLH014a_0506,20,20,20,20,0
KLH014a_0507,4,4,4,4,0
KLH014a_0508,5,5,5,5,0
KLH014a_0509,19,19,19,19,0
KLH014a_0510,5,5,5,5,0
KLH014a_0511,1,1,1,1,0
KLH014a_0512,6,6,6,6,0
KLH014a_0513,12,12,12,12,0
KLH014a_0514,20,20,20,20,0
KLH014a_0515,20,20,20,20,0
KLH014a_0516,14,14,14,14,0
KLH014a_0517,18,18,18,18,0
KLH014a_0518,1,1,1,1,0
KLH014a_0519,3,3,3,3,0
KLH014a_0520,10,10,10,10,0
KLH014a_0521,4,4,4,4,0
KLH014a_0522,1,1,1,1,0
KLH014a_0523,17,17,17,17,0
KLH014a_0524,18,18,18,18,0
KLH014a_0525,15,15,15,15,0
KLH014a_0526,20,20,20,20,0
KLH014a_0527,6,6,6,6,0
KLH014a_0528,1,1,1,1,0
KLH014a_0529,2,2,2,2,0
KLH014a_0530,8,8,8,8,0
KLH014a_0531,4,4,4,4,0
KLH014a_0532,13,13,13,13,0
KLH014a_0533,11,11,11,11,0
KLH014a_0534,1,1,1,1,0
KLH014a_0535,16,16,16,16,0
KLH014a_0536,1,1,1,1,0
KLH014a_0537,1,1,1,1,0
KLH014a_0538,15,15,15,15,0
KLH014a_0539,17,17,17,17,0
KLH014a_0540,19,19,19,19,0
KLH014a_0541,13,13,13,13,0
KLH014a_0542,12,12,12,12,0
KLH014a_0543,1,1,1,1,0
KLH014a_0544,20,20,20,20,0
KLH014a_0545,1,1,1,1,0
KLH014a_0546,7,7,7,7,0
KLH014a_0547,20,20,20,20,0
KLH014a_0548,20,20,20,20,0
KLH014a_0549,9,9,9,9,0
KLH014a_0550,3,3,3,3,0
KLH014a_0551,20,20,20,20,0
KLH014a_0552,20,20,20,20,0
KLH014a_0553,15,15,15,15,0
KLH014a_0554,1,1,1,1,0
KLH014a_0555,7,7,7,7,0
KLH014a_0556,14,14,14,14,0
KLH014a_0557,20,20,20,20,0
KLH014a_0558,20,20,20,20,0
KLH014a_0559,14,14,14,14,0
KLH014a_0560,3,3,3,3,0
KLH014a_0561,1,1,1,1,0
KLH014a_0562,13,13,13,13,0
KLH014a_0563,12,12,12,12,0
KLH014a_0564,20,20,20,20,0
KLH014a_0565,16,16,16,16,0
KLH014a_0566,19,19,19,19,0
KLH014a_0567,19,19,19,19,0
KLH014a_0568,10,10,10,10,0
KLH014a_0569,1,1,1,1,0
KLH014a_0570,19,19,19,19,0
KLH014a_0571,13,13,13,13,0
KLH014a_0572,20,20,20,20,0
KLH014a_0573,4,4,4,4,0
KLH014a_0574,6,6,6,6,0
KLH014a_0575,1,1,1,1,0
KLH014a_0576,5,5,5,5,0
KLH014a_0577,1,1,1,1,0
KLH014a_0578,18,18,18,18,0
KLH014a_0579,14,14,14,14,0
KLH014a_0580,14,14,14,14,0
KLH014a_0581,8,8,8,8,0
KLH014a_0582,20,20,20,20,0
KLH014a_0583,10,10,10,10,0
KLH014a_0584,15,15,15,15,0
KLH014a_0585,19,19,19,19,0
KLH014a_0586,11,11,11,11,0
KLH014a_0587,1,1,1,1,0
KLH014a_0588,7,7,7,7,0
KLH014a_0589,7,7,7,7,0
KLH014a_0590,2,2,2,2,0
KLH014a_0591,10,10,10,10,0
KLH014a_0592,14,14,14,14,0
KLH014a_0593,13,13,13,13,0
KLH014a_0594,9,9,9,9,0
KLH014a_0595,15,15,15,15,0
KLH014a_0596,13,13,13,13,0
KLH014a_0597,5,5,5,5,0
KLH014a_0598,6,6,6,6,0
KLH014a_0599,14,14,14,14,0
KLH014a_0600,1,1,1,1,0
KLH014a_0601,18,18,18,18,0
KLH014a_0602,12,12,12,12,0
KLH014a_0603,20,20,20,20,0
KLH014a_0604,15,15,15,15,0
KLH014a_0605,1,1,1,1,0
KLH014a_0606,15,15,15,15,0
KLH014a_0607,1,1,1,1,0
KLH014a_0608,14,14,14,14,0
KLH014a_0609,17,17,17,17,0
KLH014a_0610,20,20,20,20,0
KLH014a_0611,4,4,4,4,0
KLH014a_0612,6,6,6,6,0
KLH014a_0613,14,14,14,14,0
KLH014a_0614,4,4,4,4,0
KLH014a_0615,7,7,7,7,0
KLH014a_0616,15,15,15,15,0
KLH014a_0617,20,20,20,20,0
KLH014a_0618,15,15,15,15,0
KLH014a_0619,9,9,9,9,0
KLH014a_0620,20,20,20,20,0
KLH014a_0621,4,4,4,4,0
KLH014a_0622,20,20,20,20,0
KLH014a_0623,4,4,4,4,0
KLH014a_0624,20,20,20,20,0
KLH014a_0625,9,9,9,9,0
KLH014a_0626,8,8,8,8,0
KLH014a_0627,20,20,20,20,0
KLH014a_0628,5,5,5,5,0
KLH014a_0629,1,1,1,1,0
KLH014a_0630,18,18,18,18,0
KLH014a_0631,11,11,11,11,0
KLH014a_0632,18,18,18,18,0
KLH014a_0633,3,3,3,3,0
KLH014a_0634,5,5,5,5,0
KLH014a_0635,20,20,20,20,0
KLH014a_0636,5,5,5,5,0
KLH014a_0637,17,17,17,17,0
KLH014a_0638,12,12,12,12,0
KLH014a_0639,10,10,10,10,0
KLH014a_0640,20,20,20,20,0
KLH014a_0641,18,18,18,18,0
KLH014a_0642,13,13,13,13,0
KLH014a_0643,9,9,9,9,0
KLH014a_0644,3,3,3,3,0
KLH014a_0645,20,20,20,20,0
KLH014a_0646,5,5,5,5,0
KLH014a_0647,9,9,9,9,0
KLH014a_0648,3,3,3,3,0
KLH014a_0649,1,1,1,1,0
KLH014a_0650,16,16,16,16,0
KLH014a_0651,1,1,1,1,0
KLH014a_0652,6,6,6,6,0
KLH014a_0653,7,7,7,7,0
KLH014a_0654,20,20,20,20,0
KLH014a_0655,1,1,1,1,0
KLH014a_0656,2,2,2,2,0
KLH014a_0657,2,2,2,2,0
KLH014a_0658,20,20,20,20,0
KLH014a_0659,9,9,9,9,0
KLH014a_0660,20,20,20,20,0
KLH014a_0661,1,1,1,1,0
KLH014a_0662,7,7,7,7,0
KLH014a_0663,2,2,2,2,0
KLH014a_0664,20,20,20,20,0
KLH014a_0665,1,1,1,1,0
KLH014a_0666,3,3,3,3,0
KLH014a_0667,15,15,15,15,0
KLH014a_0668,2,2,2,2,0
KLH014a_0669,12,12,12,12,0
KLH014a_0670,3,3,3,3,0
KLH014a_0671,20,20,20,20,0
KLH014a_0672,9,9,9,9,0
KLH014a_0673,4,4,4,4,0
KLH014a_0674,4,4,4,4,0
KLH014a_0675,6,6,6,6,0
KLH014a_0676,18,18,18,18,0
KLH014a_0677,18,18,18,18,0
KLH014a_0678,8,8,8,8,0
KLH014a_0679,1,1,1,1,0
KLH014a_0680,15,15,15,15,0
KLH014a_0681,18,18,18,18,0
KLH014a_0682,20,20,20,20,0
KLH014a_0683,20,20,20,20,0
KLH014a_0684,11,11,11,11,0
KLH014a_0685,10,10,10,10,0
KLH014a_0686,18,18,18,18,0
KLH014a_0687,1,1,1,1,0
KLH014a_0688,14,14,14,14,0
KLH014a_0689,1,1,1,1,0
KLH014a_0690,7,7,7,7,0
KLH014a_0691,5,5,5,5,0
KLH014a_0692,19,19,19,19,0
KLH014a_0693,20,20,20,20,0
KLH014a_0694,20,20,20,20,0
KLH014a_0695,12,12,12,12,0
KLH014a_0696,6,6,6,6,0
KLH014a_0697,18,18,18,18,0
KLH014a_0698,16,16,16,16,0
KLH014a_0699,14,14,14,14,0
KLH014a_0700,18,18,18,18,0
KLH014a_0701,18,18,18,18,0
KLH014a_0702,20,20,20,20,0
KLH014a_0703,18,18,18,18,0
KLH014a_0704,7,7,7,7,0
KLH014a_0705,19,19,19,19,0
KLH014a_0706,1,1,1,1,0
KLH014a_0707,20,20,20,20,0
KLH014a_0708,18,18,18,18,0
KLH014a_0709,13,13,13,13,0
KLH014a_0710,15,15,15,15,0
KLH014a_0711,4,4,4,4,0
KLH014a_0712,20,20,20,20,0
KLH014a_0713,19,19,19,19,0
KLH014a_0714,3,3,3,3,0
KLH014a_0715,1,1,1,1,0
KLH014a_0716,17,17,17,17,0
KLH014a_0717,11,11,11,11,0
KLH014a_0718,20,20,20,20,0
KLH014a_0719,19,19,19,19,0
KLH014a_0720,1,1,1,1,0
KLH014a_0721,1,1,1,1,0
KLH014a_0722,1,1,1,1,0
KLH014a_0723,14,14,14,14,0
KLH014a_0724,1,1,1,1,0
KLH014a_0725,14,14,14,14,0
KLH014a_0726,8,8,8,8,0
KLH014a_0727,1,1,1,1,0
KLH014a_0728,18,18,18,18,0
KLH014a_0729,1,1,1,1,0
KLH014a_0730,19,19,19,19,0
KLH014a_0731,17,17,17,17,0
KLH014a_0732,20,20,20,20,0
KLH014a_0733,13,13,13,13,0
KLH014a_0734,15,15,15,15,0
KLH014a_0735,1,1,1,1,0
KLH014a_0736,7,7,7,7,0
KLH014a_0737,1,1,1,1,0
KLH014a_0738,16,16,16,16,0
KLH014a_0739,1,1,1,1,0
KLH014a_0740,2,2,2,2,0
KLH014a_0741,11,11,11,11,0
KLH014a_0742,6,6,6,6,0
KLH014a_0743,6,6,6,6,0
KLH014a_0744,6,6,6,6,0
KLH014a_0745,14,14,14,14,0
KLH014a_0746,1,1,1,1,0
KLH014a_0747,9,9,9,9,0
KLH014a_0748,3,3,3,3,0
KLH014a_0749,1,1,1,1,0
KLH014a_0750,6,6,6,6,0
KLH014a_0751,3,3,3,3,0
KLH014a_0752,11,11,11,11,0
KLH014a_0753,12,12,12,12,0
KLH014a_0754,1,1,1,1,0
KLH014a_0755,18,18,18,18,0
KLH014a_0756,2,2,2,2,0
KLH014a_0757,2,2,2,2,0
KLH014a_0758,20,20,20,20,0
KLH014a_0759,1,1,1,1,0
KLH014a_0760,16,16,16,16,0
KLH014a_0761,14,14,14,14,0
KLH014a_0762,18,18,18,18,0
KLH014a_0763,20,20,20,20,0
KLH014a_0764,13,13,13,13,0
KLH014a_0765,7,7,7,7,0
KLH014a_0766,13,13,13,13,0
KLH014a_0767,17,17,17,17,0
KLH014a_0768,2,2,2,2,0
KLH014a_0769,11,11,11,11,0
KLH014a_0770,1,1,1,1,0
KLH014a_0771,18,18,18,18,0
KLH014a_0772,9,9,9,9,0
KLH014a_0773,14,14,14,14,0
KLH014a_0774,5,5,5,5,0
KLH014a_0775,13,13,13,13,0
KLH014a_0776,20,20,20,20,0
KLH014a_0777,4,4,4,4,0
KLH014a_0778,13,13,13,13,0
KLH014a_0779,3,3,3,3,0
KLH014a_0780,1,1,1,1,0
KLH014a_0781,19,19,19,19,0
KLH014a_0782,19,19,19,19,0
KLH014a_0783,19,19,19,19,0
KLH014a_0784,2,2,2,2,0
KLH014a_0785,2,2,2,2,0
KLH014a_0786,17,17,17,17,0
KLH014a_0787,8,8,8,8,0
KLH014a_0788,17,17,17,17,0
KLH014a_0789,16,16,16,16,0
KLH014a_0790,14,14,14,14,0
KLH014a_0791,14,14,14,14,0
KLH014a_0792,7,7,7,7,0
KLH014a_0793,9,9,9,9,0
KLH014a_0794,10,10,10,10,0
KLH014a_0795,7,7,7,7,0
KLH014a_0796,1,1,1,1,0
KLH014a_0797,1,1,1,1,0
KLH014a_0798,4,4,4,4,0
KLH014a_0799,1,1,1,1,0
KLH014a_0800,1,1,1,1,0
KLH014a_0801,15,15,15,15,0
KLH014a_0802,20,20,20,20,0
KLH014a_0803,1,1,1,1,0
KLH014a_0804,2,2,2,2,0
KLH014a_0805,20,20,20,20,0
KLH014a_0806,13,13,13,13,0
KLH014a_0807,11,11,11,11,0
KLH014a_0808,14,14,14,14,0
KLH014a_0809,1,1,1,1,0
KLH014a_0810,10,10,10,10,0
KLH014a_0811,1,1,1,1,0
KLH014a_0812,8,8,8,8,0
KLH014a_0813,10,10,10,10,0
KLH014a_0814,1,1,1,1,0
KLH014a_0815,5,5,5,5,0
KLH014a_0816,1,1,1,1,0
KLH014a_0817,20,20,20,20,0
KLH014a_0818,1,1,1,1,0
KLH014a_0819,1,1,1,1,0
KLH014a_0820,11,11,11,11,0
KLH014a_0821,10,10,10,10,0
KLH014a_0822,8,8,8,8,0
KLH014a_0823,16,16,16,16,0
KLH014a_0824,9,9,9,9,0
KLH014a_0825,1,1,1,1,0
KLH014a_0826,3,3,3,3,0
KLH014a_0827,20,20,20,20,0
KLH014a_0828,4,4,4,4,0
KLH014a_0829,4,4,4,4,0
KLH014a_0830,13,13,13,13,0
KLH014a_0831,1,1,1,1,0
KLH014a_0832,14,14,14,14,0
KLH014a_0833,19,19,19,19,0
KLH014a_0834,16,16,16,16,0
KLH014a_0835,18,18,18,18,0
KLH014a_0836,2,2,2,2,0
KLH014a_0837,2,2,2,2,0
KLH014a_0838,5,5,5,5,0
KLH014a_0839,16,16,16,16,0
KLH014a_0840,1,1,1,1,0
KLH014a_0841,4,4,4,4,0
KLH014a_0842,8,8,8,8,0
KLH014a_0843,1,1,1,1,0
KLH014a_0844,7,7,7,7,0
KLH014a_0845,10,10,10,10,0
KLH014a_0846,6,6,6,6,0
KLH014a_0847,19,19,19,19,0
KLH014a_0848,7,7,7,7,0
KLH014a_0849,14,14,14,14,0
KLH014a_0850,11,11,11,11,0
KLH014a_0851,2,2,2,2,0
KLH014a_0852,6,6,6,6,0
KLH014a_0853,1,1,1,1,0
KLH014a_0854,20,20,20,20,0
KLH014a_0855,15,15,15,15,0
KLH014a_0856,1,1,1,1,0
KLH014a_0857,8,8,8,8,0
KLH014a_0858,2,2,2,2,0
KLH014a_0859,10,10,10,10,0
KLH014a_0860,13,13,13,13,0
KLH014a_0861,5,5,5,5,0
KLH014a_0862,3,3,3,3,0
KLH014a_0863,3,3,3,3,0
KLH014a_0864,6,6,6,6,0
KLH014a_0865,13,13,13,13,0
KLH014a_0866,1,1,1,1,0
KLH014a_0867,3,3,3,3,0
KLH014a_0868,9,9,9,9,0
KLH014a_0869,1,1,1,1,0
KLH014a_0870,2,2,2,2,0
KLH014a_0871,2,2,2,2,0
KLH014a_0872,1,1,1,1,0
KLH014a_0873,17,17,17,17,0
KLH014a_0874,6,6,6,6,0
KLH014a_0875,1,1,1,1,0
KLH014a_0876,7,7,7,7,0
KLH014a_0877,5,5,5,5,0
KLH014a_0878,17,17,17,17,0
KLH014a_0879,13,13,13,13,0
KLH014a_0880,20,20,20,20,0
KLH014a_0881,2,2,2,2,0
KLH014a_0882,20,20,20,20,0
KLH014a_0883,18,18,18,18,0
KLH014a_0884,6,6,6,6,0
KLH014a_0885,7,7,7,7,0
KLH014a_0886,1,1,1,1,0
KLH014a_0887,18,18,18,18,0
KLH014a_0888,12,12,12,12,0
KLH014a_0889,15,15,15,15,0
KLH014a_0890,7,7,7,7,0
KLH014a_0891,11,11,11,11,0
KLH014a_0892,1,1,1,1,0
KLH014a_0893,13,13,13,13,0
KLH014a_0894,3,3,3,3,0
KLH014a_0895,2,2,2,2,0
KLH014a_0896,12,12,12,12,0
KLH014a_0897,1,1,1,1,0
KLH014a_0898,13,13,13,13,0
KLH014a_0899,1,1,1,1,0
KLH014a_0900,10,10,10,10,0
KLH014a_0901,1,1,1,1,0
KLH014a_0902,20,20,20,20,0
KLH014a_0903,18,18,18,18,0
KLH014a_0904,20,20,20,20,0
KLH014a_0905,14,14,14,14,0
KLH014a_0906,9,9,9,9,0
KLH014a_0907,1,1,1,1,0
KLH014a_0908,1,1,1,1,0
KLH014a_0909,16,16,16,16,0
KLH014a_0910,2,2,2,2,0
KLH014a_0911,10,10,10,10,0
KLH014a_0912,20,20,20,20,0
KLH014a_0913,9,9,9,9,0
KLH014a_0914,13,13,13,13,0
KLH014a_0915,1,1,1,1,0
KLH014a_0916,1,1,1,1,0
KLH014a_0917,9,9,9,9,0
KLH014a_0918,2,2,2,2,0
KLH014a_0919,20,20,20,20,0
KLH014a_0920,20,20,20,20,0
KLH014a_0921,20,20,20,20,0
KLH014a_0922,1,1,1,1,0
KLH014a_0923,20,20,20,20,0
KLH014a_0924,1,1,1,1,0
KLH014a_0925,14,14,14,14,0
KLH014a_0926,13,13,13,13,0
KLH014a_0927,15,15,15,15,0
KLH014a_0928,20,20,20,20,0
KLH014a_0929,3,3,3,3,0
KLH014a_0930,11,11,11,11,0
KLH014a_0931,6,6,6,6,0
KLH014a_0932,20,20,20,20,0
KLH014a_0933,13,13,13,13,0
KLH014a_0934,2,2,2,2,0
KLH014a_0935,9,9,9,9,0
KLH014a_0936,4,4,4,4,0
KLH014a_0937,17,17,17,17,0
KLH014a_0938,20,20,20,20,0
KLH014a_0939,15,15,15,15,0
KLH014a_0940,11,11,11,11,0
KLH014a_0941,1,1,1,1,0
KLH014a_0942,1,1,1,1,0
KLH014a_0943,11,11,11,11,0
KLH014a_0944,17,17,17,17,0
KLH014a_0945,16,16,16,16,0
KLH014a_0946,20,20,20,20,0
KLH014a_0947,9,9,9,9,0
KLH014a_0948,12,12,12,12,0
KLH014a_0949,7,7,7,7,0
KLH014a_0950,1,1,1,1,0
KLH014a_0951,4,4,4,4,0
KLH014a_0952,14,14,14,14,0
KLH014a_0953,1,1,1,1,0
KLH014a_0954,1,1,1,1,0
KLH014a_0955,6,6,6,6,0
KLH014a_0956,19,19,19,19,0
KLH014a_0957,19,19,19,19,0
KLH014a_0958,3,3,3,3,0
KLH014a_0959,15,15,15,15,0
KLH014a_0960,1,1,1,1,0
KLH014a_0961,12,12,12,12,0
KLH014a_0962,20,20,20,20,0
KLH014a_0963,16,16,16,16,0
KLH014a_0964,20,20,20,20,0
KLH014a_0965,1,1,1,1,0
KLH014a_0966,17,17,17,17,0
KLH014a_0967,8,8,8,8,0
KLH014a_0968,20,20,20,20,0
KLH014a_0969,15,15,15,15,0
KLH014a_0970,11,11,11,11,0
KLH014a_0971,4,4,4,4,0
KLH014a_0972,7,7,7,7,0
KLH014a_0973,12,12,12,12,0
KLH014a_0974,10,10,10,10,0
KLH014a_0975,1,1,1,1,0
KLH014a_0976,7,7,7,7,0
KLH014a_0977,15,15,15,15,0
KLH014a_0978,20,20,20,20,0
KLH014a_0979,4,4,4,4,0
KLH014a_0980,17,17,17,17,0
KLH014a_0981,13,13,13,13,0
KLH014a_0982,20,20,20,20,0
KLH014a_0983,19,19,19,19,0
KLH014a_0984,20,20,20,20,0
KLH014a_0985,1,1,1,1,0
KLH014a_0986,19,19,19,19,0
KLH014a_0987,1,1,1,1,0
KLH014a_0988,14,14,14,14,0
KLH014a_0989,1,1,1,1,0
KLH014a_0990,18,18,18,18,0
KLH014a_0991,1,1,1,1,0
KLH014a_0992,2,2,2,2,0
KLH014a_0993,10,10,10,10,0
KLH014a_0994,18,18,18,18,0
KLH014a_0995,15,15,15,15,0
KLH014a_0996,6,6,6,6,0
KLH014a_0997,14,14,14,14,0
KLH014a_0998,6,6,6,6,0
KLH014a_0999,11,11,11,11,0
KLH014a_1000,20,20,20,20,0
KLH014a_1001,20,20,20,20,0
KLH014a_1002,18,18,18,18,0
KLH014a_1003,15,15,15,15,0
KLH014a_1004,20,20,20,20,0
KLH014a_1005,9,9,9,9,0
KLH014a_1006,20,20,20,20,0
KLH014a_1007,19,19,19,19,0
KLH014a_1008,15,15,15,15,0
KLH014a_1009,1,1,1,1,0
KLH014a_1010,18,18,18,18,0
KLH014a_1011,5,5,5,5,0
KLH014a_1012,1,1,1,1,0
KLH014a_1013,1,1,1,1,0
KLH014a_1014,5,5,5,5,0
KLH014a_1015,1,1,1,1,0
KLH014a_1016,1,1,1,1,0
KLH014a_1017,4,4,4,4,0
KLH014a_1018,13,13,13,13,0
KLH014a_1019,13,13,13,13,0
KLH014a_1020,1,1,1,1,0
KLH014a_1021,1,1,1,1,0
KLH014a_1022,10,10,10,10,0
KLH014a_1023,5,5,5,5,0
KLH014a_1024,15,15,15,15,0
KLH014a_1025,11,11,11,11,0
KLH014a_1026,12,12,12,12,0
KLH014a_1027,1,1,1,1,0
KLH014a_1028,15,15,15,15,0
KLH014a_1029,20,20,20,20,0
KLH014a_1030,2,2,2,2,0
KLH014a_1031,1,1,1,1,0
KLH014a_1032,20,20,20,20,0
KLH014a_1033,7,7,7,7,0
KLH014a_1034,15,15,15,15,0
KLH014a_1035,13,13,13,13,0
KLH014a_1036,18,18,18,18,0
KLH014a_1037,11,11,11,11,0
KLH014a_1038,1,1,1,1,0
KLH014a_1039,3,3,3,3,0
KLH014a_1040,12,12,12,12,0
KLH014a_1041,12,12,12,12,0
KLH014a_1042,19,19,19,19,0
KLH014a_1043,12,12,12,12,0
KLH014a_1044,20,20,20,20,0
KLH014a_1045,4,4,4,4,0
KLH014a_1046,17,17,17,17,0
KLH014a_1047,11,11,11,11,0
KLH014a_1048,1,1,1,1,0
KLH014a_1049,15,15,15,15,0
KLH014a_1050,2,2,2,2,0
KLH014a_1051,20,20,20,20,0
KLH014a_1052,20,20,20,20,0
KLH014a_1053,14,14,14,14,0
KLH014a_1054,12,12,12,12,0
KLH014a_1055,3,3,3,3,0
KLH014a_1056,12,12,12,12,0
KLH014a_1057,1,1,1,1,0
KLH014a_1058,10,10,10,10,0
KLH014a_1059,13,13,13,13,0
KLH014a_1060,5,5,5,5,0
KLH014a_1061,13,13,13,13,0
KLH014a_1062,13,13,13,13,0
KLH014a_1063,9,9,9,9,0
KLH014a_1064,2,2,2,2,0
KLH014a_1065,1,1,1,1,0
KLH014a_1066,8,8,8,8,0
KLH014a_1067,10,10,10,10,0
KLH014a_1068,20,20,20,20,0
KLH014a_1069,3,3,3,3,0
KLH014a_1070,18,18,18,18,0
KLH014a_1071,19,19,19,19,0
KLH014a_1072,14,14,14,14,0
KLH014a_1073,13,13,13,13,0
KLH014a_1074,6,6,6,6,0
KLH014a_1075,20,20,20,20,0
KLH014a_1076,12,12,12,12,0
KLH014a_1077,3,3,3,3,0
KLH014a_1078,14,14,14,14,0
KLH014a_1079,10,10,10,10,0
KLH014a_1080,2,2,2,2,0
KLH014a_1081,1,1,1,1,0
KLH014a_1082,2,2,2,2,0
KLH014a_1083,8,8,8,8,0
KLH014a_1084,1,1,1,1,0
KLH014a_1085,6,6,6,6,0
KLH014a_1086,20,20,20,20,0
KLH014a_1087,20,20,20,20,0
KLH014a_1088,2,2,2,2,0
KLH014a_1089,1,1,1,1,0
KLH014a_1090,7,7,7,7,0
KLH014a_1091,14,14,14,14,0
KLH014a_1092,8,8,8,8,0
KLH014a_1093,17,17,17,17,0
KLH014a_1094,3,3,3,3,0
KLH014a_1095,3,3,3,3,0
KLH014a_1096,9,9,9,9,0
KLH014a_1097,15,15,15,15,0
KLH014a_1098,13,13,13,13,0
KLH014a_1099,1,1,1,1,0
KLH014a_1100,5,5,5,5,0
KLH014a_1101,20,20,20,20,0
KLH014a_1102,11,11,11,11,0
KLH014a_1103,6,6,6,6,0
KLH014a_1104,11,11,11,11,0
KLH014a_1105,11,11,11,11,0
KLH014a_1106,14,14,14,14,0
KLH014a_1107,19,19,19,19,0
KLH014a_1108,7,7,7,7,0
KLH014a_1109,19,19,19,19,0
KLH014a_1110,20,20,20,20,0
KLH014a_1111,2,2,2,2,0
KLH014a_1112,20,20,20,20,0
KLH014a_1113,8,8,8,8,0
KLH014a_1114,13,13,13,13,0
KLH014a_1115,5,5,5,5,0
KLH014a_1116,20,20,20,20,0
KLH014a_1117,3,3,3,3,0
KLH014a_1118,20,20,20,20,0
KLH014a_1119,1,1,1,1,0
KLH014a_1120,8,8,8,8,0
KLH014a_1121,17,17,17,17,0
KLH014a_1122,20,20,20,20,0
KLH014a_1123,16,16,16,16,0
KLH014a_1124,9,9,9,9,0
KLH014a_1125,5,5,5,5,0
KLH014a_1126,8,8,8,8,0
KLH014a_1127,7,7,7,7,0
KLH014a_1128,1,1,1,1,0
KLH014a_1129,2,2,2,2,0
KLH014a_1130,20,20,20,20,0
KLH014a_1131,15,15,15,15,0
KLH014a_1132,1,1,1,1,0
KLH014a_1133,1,1,1,1,0
KLH014a_1134,7,7,7,7,0
KLH014a_1135,5,5,5,5,0
KLH014a_1136,20,20,20,20,0
KLH014a_1137,20,20,20,20,0
KLH014a_1138,13,13,13,13,0
KLH014a_1139,20,20,20,20,0
KLH014a_1140,20,20,20,20,0
KLH014a_1141,20,20,20,20,0
KLH014a_1142,9,9,9,9,0
KLH014a_1143,18,18,18,18,0
KLH014a_1144,5,5,5,5,0
KLH014a_1145,19,19,19,19,0
KLH014a_1146,13,13,13,13,0
KLH014a_1147,11,11,11,11,0
KLH014a_1148,2,2,2,2,0
KLH014a_1149,12,12,12,12,0
KLH014a_1150,19,19,19,19,0
KLH014a_1151,1,1,1,1,0
KLH014a_1152,20,20,20,20,0
KLH014a_1153,18,18,18,18,0
KLH014a_1154,20,20,20,20,0
KLH014a_1155,12,12,12,12,0
KLH014a_1156,1,1,1,1,0
KLH014a_1157,20,20,20,20,0
KLH014a_1158,1,1,1,1,0
KLH014a_1159,9,9,9,9,0
KLH014a_1160,11,11,11,11,0
KLH014a_1161,16,16,16,16,0
KLH014a_1162,8,8,8,8,0
KLH014a_1163,16,16,16,16,0
KLH014a_1164,10,10,10,10,0
KLH014a_1165,6,6,6,6,0
KLH014a_1166,1,1,1,1,0
KLH014a_1167,10,10,10,10,0
KLH014a_1168,20,20,20,20,0
KLH014a_1169,12,12,12,12,0
KLH014a_1170,13,13,13,13,0
KLH014a_1171,2,2,2,2,0
KLH014a_1172,1,1,1,1,0
KLH014a_1173,1,1,1,1,0
KLH014a_1174,9,9,9,9,0
KLH014a_1175,10,10,10,10,0
KLH014a_1176,20,20,20,20,0
KLH014a_1177,9,9,9,9,0
KLH014a_1178,18,18,18,18,0
KLH014a_1179,1,1,1,1,0
KLH014a_1180,11,11,11,11,0
KLH014a_1181,20,20,20,20,0
KLH014a_1182,8,8,8,8,0
KLH014a_1183,5,5,5,5,0
KLH014a_1184,13,13,13,13,0
KLH014a_1185,20,20,20,20,0
KLH014a_1186,3,3,3,3,0
KLH014a_1187,12,12,12,12,0
KLH014a_1188,20,20,20,20,0
KLH014a_1189,16,16,16,16,0
KLH014a_1190,20,20,20,20,0
KLH014a_1191,10,10,10,10,0
KLH014a_1192,15,15,15,15,0
KLH014a_1193,20,20,20,20,0
KLH014a_1194,7,7,7,7,0
KLH014a_1195,1,1,1,1,0
KLH014a_1196,2,2,2,2,0
KLH014a_1197,5,5,5,5,0
KLH014a_1198,14,14,14,14,0
KLH014a_1199,5,5,5,5,0
KLH014a_1200,16,16,16,16,0
KLH014a_1201,3,3,3,3,0
KLH014a_1202,20,20,20,20,0
KLH014a_1203,8,8,8,8,0
KLH014a_1204,17,17,17,17,0
KLH014a_1205,20,20,20,20,0
KLH014a_1206,1,1,1,1,0
KLH014a_1207,20,20,20,20,0
KLH014a_1208,7,7,7,7,0
KLH014a_1209,1,1,1,1,0
KLH014a_1210,8,8,8,8,0
KLH014a_1211,10,10,10,10,0
KLH014a_1212,13,13,13,13,0
KLH014a_1213,8,8,8,8,0
KLH014a_1214,13,13,13,13,0
KLH014a_1215,17,17,17,17,0
KLH014a_1216,19,19,19,19,0
KLH014a_1217,20,20,20,20,0
KLH014a_1218,8,8,8,8,0
KLH014a_1219,1,1,1,1,0
KLH014a_1220,12,12,12,12,0
KLH014a_1221,19,19,19,19,0
KLH014a_1222,2,2,2,2,0
KLH014a_1223,3,3,3,3,0
KLH014a_1224,1,1,1,1,0
KLH014a_1225,19,19,19,19,0
KLH014a_1226,16,16,16,16,0
KLH014a_1227,20,20,20,20,0
KLH014a_1228,19,19,19,19,0
KLH014a_1229,19,19,19,19,0
KLH014a_1230,15,15,15,15,0
KLH014a_1231,4,4,4,4,0
KLH014a_1232,15,15,15,15,0
KLH014a_1233,18,18,18,18,0
KLH014a_1234,9,9,9,9,0
KLH014a_1235,7,7,7,7,0
KLH014a_1236,20,20,20,20,0
KLH014a_1237,17,17,17,17,0
KLH014a_1238,20,20,20,20,0
KLH014a_1239,7,7,7,7,0
KLH014a_1240,1,1,1,1,0
KLH014a_1241,2,2,2,2,0
KLH014a_1242,17,17,17,17,0
KLH014a_1243,20,20,20,20,0
KLH014a_1244,11,11,11,11,0
KLH014a_1245,1,1,1,1,0
KLH014a_1246,16,16,16,16,0
KLH014a_1247,1,1,1,1,0
KLH014a_1248,6,6,6,6,0
KLH014a_1249,1,1,1,1,0
KLH014a_1250,2,2,2,2,0
KLH014a_1251,7,7,7,7,0
KLH014a_1252,5,5,5,5,0
KLH014a_1253,20,20,20,20,0
KLH014a_1254,2,2,2,2,0
KLH014a_1255,1,1,1,1,0
KLH014a_1256,6,6,6,6,0
KLH014a_1257,20,20,20,20,0
KLH014a_1258,6,6,6,6,0
KLH014a_1259,8,8,8,8,0
KLH014a_1260,20,20,20,20,0
KLH014a_1261,19,19,19,19,0
KLH014a_1262,16,16,16,16,0
KLH014a_1263,8,8,8,8,0
KLH014a_1264,4,4,4,4,0
KLH014a_1265,7,7,7,7,0
KLH014a_1266,12,12,12,12,0
KLH014a_1267,1,1,1,1,0
KLH014a_1268,19,19,19,19,0
KLH014a_1269,14,14,14,14,0
KLH014a_1270,2,2,2,2,0
KLH014a_1271,16,16,16,16,0
KLH014a_1272,1,1,1,1,0
KLH014a_1273,7,7,7,7,0
KLH014a_1274,6,6,6,6,0
KLH014a_1275,1,1,1,1,0
KLH014a_1276,9,9,9,9,0
KLH014a_1277,20,20,20,20,0
KLH014a_1278,20,20,20,20,0
KLH014a_1279,20,20,20,20,0
KLH014a_1280,2,2,2,2,0
KLH014a_1281,18,18,18,18,0
KLH014a_1282,8,8,8,8,0
KLH014a_1283,19,19,19,19,0
KLH014a_1284,15,15,15,15,0
KLH014a_1285,13,13,13,13,0
KLH014a_1286,2,2,2,2,0
KLH014a_1287,8,8,8,8,0
KLH014a_1288,12,12,12,12,0
KLH014a_1289,7,7,7,7,0
KLH014a_1290,10,10,10,10,0
KLH014a_1291,8,8,8,8,0
KLH014a_1292,6,6,6,6,0
KLH014a_1293,1,1,1,1,0
KLH014a_1294,10,10,10,10,0
KLH014a_1295,2,2,2,2,0
KLH014a_1296,8,8,8,8,0
KLH014a_1297,12,12,12,12,0
KLH014a_1298,1,1,1,1,0
KLH014a_1299,3,3,3,3,0
KLH014a_1300,2,2,2,2,0
KLH014a_1301,20,20,20,20,0
KLH014a_1302,12,12,12,12,0
KLH014a_1303,14,14,14,14,0
KLH014a_1304,5,5,5,5,0
KLH014a_1305,13,13,13,13,0
KLH014a_1306,4,4,4,4,0
KLH014a_1307,5,5,5,5,0
KLH014a_1308,9,9,9,9,0
KLH014a_1309,2,2,2,2,0
KLH014a_1310,11,11,11,11,0
KLH014a_1311,12,12,12,12,0
KLH014a_1312,19,19,19,19,0
KLH014a_1313,19,19,19,19,0
KLH014a_1314,11,11,11,11,0
KLH014a_1315,16,16,16,16,0
KLH014a_1316,8,8,8,8,0
KLH014a_1317,19,19,19,19,0
KLH014a_1318,11,11,11,11,0
KLH014a_1319,18,18,18,18,0
KLH014a_1320,20,20,20,20,0
KLH014a_1321,1,1,1,1,0
KLH014a_1322,18,18,18,18,0
KLH014a_1323,10,10,10,10,0
KLH014a_1324,19,19,19,19,0
KLH014a_1325,17,17,17,17,0
KLH014a_1326,12,12,12,12,0
KLH014a_1327,4,4,4,4,0
KLH014a_1328,1,1,1,1,0
KLH014a_1329,1,1,1,1,0
KLH014a_1330,20,20,20,20,0
KLH014a_1331,20,20,20,20,0
KLH014a_1332,19,19,19,19,0
KLH014a_1333,20,20,20,20,0
KLH014a_1334,1,1,1,1,0
KLH014a_1335,2,2,2,2,0
KLH014a_1336,2,2,2,2,0
KLH014a_1337,10,10,10,10,0
KLH014a_1338,1,1,1,1,0
KLH014a_1339,20,20,20,20,0
KLH014a_1340,1,1,1,1,0
KLH014a_1341,1,1,1,1,0
KLH014a_1342,1,1,1,1,0
KLH014a_1343,12,12,12,12,0
KLH014a_1344,17,17,17,17,0
KLH014a_1345,4,4,4,4,0
KLH014a_1346,14,14,14,14,0
KLH014a_1347,14,14,14,14,0
KLH014a_1348,16,16,16,16,0
KLH014a_1349,19,19,19,19,0
KLH014a_1350,18,18,18,18,0
KLH014a_1351,20,20,20,20,0
KLH014a_1352,7,7,7,7,0
KLH014a_1353,1,1,1,1,0
KLH014a_1354,11,11,11,11,0
KLH014a_1355,4,4,4,4,0
KLH014a_1356,18,18,18,18,0
KLH014a_1357,20,20,20,20,0
KLH014a_1358,14,14,14,14,0
KLH014a_1359,6,6,6,6,0
KLH014a_1360,18,18,18,18,0
KLH014a_1361,1,1,1,1,0
KLH014a_1362,14,14,14,14,0
KLH014a_1363,1,1,1,1,0
KLH014a_1364,1,1,1,1,0
KLH014a_1365,11,11,11,11,0
KLH014a_1366,5,5,5,5,0
KLH014a_1367,12,12,12,12,0
KLH014a_1368,13,13,13,13,0
KLH014a_1369,13,13,13,13,0
KLH014a_1370,11,11,11,11,0
KLH014a_1371,13,13,13,13,0
KLH014a_1372,11,11,11,11,0
KLH014a_1373,18,18,18,18,0
KLH014a_1374,5,5,5,5,0
KLH014a_1375,19,19,19,19,0
KLH014a_1376,11,11,11,11,0
KLH014a_1377,3,3,3,3,0
KLH014a_1378,12,12,12,12,0
KLH014a_1379,2,2,2,2,0
KLH014a_1380,9,9,9,9,0
KLH014a_1381,20,20,20,20,0
KLH014a_1382,10,10,10,10,0
KLH014a_1383,19,19,19,19,0
KLH014a_1384,5,5,5,5,0
KLH014a_1385,16,16,16,16,0
KLH014a_1386,16,16,16,16,0
KLH014a_1387,7,7,7,7,0
KLH014a_1388,8,8,8,8,0
KLH014a_1389,3,3,3,3,0
KLH014a_1390,13,13,13,13,0
KLH014a_1391,19,19,19,19,0
KLH014a_1392,13,13,13,13,0
KLH014a_1393,6,6,6,6,0
KLH014a_1394,10,10,10,10,0
KLH014a_1395,8,8,8,8,0
KLH014a_1396,1,1,1,1,0
KLH014a_1397,3,3,3,3,0
KLH014a_1398,7,7,7,7,0
KLH014a_1399,18,18,18,18,0
KLH014a_1400,8,8,8,8,0
KLH014a_1401,20,20,20,20,0
KLH014a_1402,19,19,19,19,0
KLH014a_1403,8,8,8,8,0
KLH014a_1404,20,20,20,20,0
KLH014a_1405,15,15,15,15,0
KLH014a_1406,1,1,1,1,0
KLH014a_1407,1,1,1,1,0
KLH014a_1408,1,1,1,1,0
KLH014a_1409,3,3,3,3,0
KLH014a_1410,1,1,1,1,0
KLH014a_1411,1,1,1,1,0
KLH014a_1412,1,1,1,1,0
KLH014a_1413,20,20,20,20,0
KLH014a_1414,12,12,12,12,0
KLH014a_1415,1,1,1,1,0
KLH014a_1416,4,4,4,4,0
KLH014a_1417,1,1,1,1,0
KLH014a_1418,18,18,18,18,0
KLH014a_1419,2,2,2,2,0
KLH014a_1420,5,5,5,5,0
KLH014a_1421,1,1,1,1,0
KLH014a_1422,1,1,1,1,0
KLH014a_1423,14,14,14,14,0
KLH014a_1424,1,1,1,1,0
KLH014a_1425,10,10,10,10,0
KLH014a_1426,9,9,9,9,0
KLH014a_1427,20,20,20,20,0
KLH014a_1428,12,12,12,12,0
KLH014a_1429,19,19,19,19,0
KLH014a_1430,2,2,2,2,0
KLH014a_1431,1,1,1,1,0
KLH014a_1432,20,20,20,20,0
KLH014a_1433,8,8,8,8,0
KLH014a_1434,15,15,15,15,0
KLH014a_1435,11,11,11,11,0
KLH014a_1436,15,15,15,15,0
KLH014a_1437,12,12,12,12,0
KLH014a_1438,8,8,8,8,0
KLH014a_1439,17,17,17,17,0
KLH014a_1440,20,20,20,20,0
KLH014a_1441,11,11,11,11,0
KLH014a_1442,15,15,15,15,0
KLH014a_1443,9,9,9,9,0
KLH014a_1444,14,14,14,14,0
KLH014a_1445,3,3,3,3,0
KLH014a_1446,10,10,10,10,0
KLH014a_1447,20,20,20,20,0
KLH014a_1448,20,20,20,20,0
KLH014a_1449,1,1,1,1,0
KLH014a_1450,18,18,18,18,0
KLH014a_1451,20,20,20,20,0
KLH014a_1452,7,7,7,7,0
KLH014a_1453,11,11,11,11,0
KLH014a_1454,8,8,8,8,0
KLH014a_1455,9,9,9,9,0
KLH014a_1456,18,18,18,18,0
KLH014a_1457,14,14,14,14,0
KLH014a_1458,9,9,9,9,0
KLH014a_1459,8,8,8,8,0
KLH014a_1460,4,4,4,4,0
KLH014a_1461,1,1,1,1,0
KLH014a_1462,2,2,2,2,0
KLH014a_1463,1,1,1,1,0
KLH014a_1464,1,1,1,1,0
KLH014a_1465,19,19,19,19,0
KLH014a_1466,18,18,18,18,0
KLH014a_1467,20,20,20,20,0
KLH014a_1468,17,17,17,17,0
KLH014a_1469,17,17,17,17,0
KLH014a_1470,12,12,12,12,0
KLH014a_1471,2,2,2,2,0
KLH014a_1472,18,18,18,18,0
KLH014a_1473,20,20,20,20,0
KLH014a_1474,14,14,14,14,0
KLH014a_1475,8,8,8,8,0
KLH014a_1476,14,14,14,14,0
KLH014a_1477,18,18,18,18,0
KLH014a_1478,5,5,5,5,0
KLH014a_1479,3,3,3,3,0
KLH014a_1480,12,12,12,12,0
KLH014a_1481,17,17,17,17,0
KLH014a_1482,13,13,13,13,0
KLH014a_1483,13,13,13,13,0
KLH014a_1484,6,6,6,6,0
KLH014a_1485,20,20,20,20,0
KLH014a_1486,11,11,11,11,0
KLH014a_1487,20,20,20,20,0
KLH014a_1488,20,20,20,20,0
KLH014a_1489,10,10,10,10,0
KLH014a_1490,2,2,2,2,0
KLH014a_1491,13,13,13,13,0
KLH014a_1492,16,16,16,16,0
KLH014a_1493,9,9,9,9,0
KLH014a_1494,4,4,4,4,0
KLH014a_1495,16,16,16,16,0
KLH014a_1496,10,10,10,10,0
KLH014a_1497,4,4,4,4,0
KLH014a_1498,19,19,19,19,0
KLH014a_1499,5,5,5,5,0
KLH014a_1500,2,2,2,2,0
KLH014a_1501,9,9,9,9,0
KLH014a_1502,1,1,1,1,0
KLH014a_1503,12,12,12,12,0
KLH014a_1504,9,9,9,9,0
KLH014a_1505,9,9,9,9,0
KLH014a_1506,20,20,20,20,0
KLH014a_1507,20,20,20,20,0
KLH014a_1508,5,5,5,5,0
KLH014a_1509,20,20,20,20,0
KLH014a_1510,10,10,10,10,0
KLH014a_1511,17,17,17,17,0
KLH014a_1512,17,17,17,17,0
KLH014a_1513,17,17,17,17,0
KLH014a_1514,1,1,1,1,0
KLH014a_1515,16,16,16,16,0
KLH014a_1516,10,10,10,10,0
KLH014a_1517,20,20,20,20,0
KLH014a_1518,8,8,8,8,0
KLH014a_1519,18,18,18,18,0
KLH014a_1520,10,10,10,10,0
KLH014a_1521,15,15,15,15,0
KLH014a_1522,20,20,20,20,0
KLH014a_1523,16,16,16,16,0
KLH014a_1524,11,11,11,11,0
KLH014a_1525,7,7,7,7,0
KLH014a_1526,20,20,20,20,0
KLH014a_1527,7,7,7,7,0
KLH014a_1528,11,11,11,11,0
KLH014a_1529,20,20,20,20,0
KLH014a_1530,8,8,8,8,0
KLH014a_1531,20,20,20,20,0
KLH014a_1532,16,16,16,16,0
KLH014a_1533,13,13,13,13,0
KLH014a_1534,12,12,12,12,0
KLH014a_1535,14,14,14,14,0
KLH014a_1536,18,18,18,18,0
KLH014a_1537,16,16,16,16,0
KLH014a_1538,2,2,2,2,0
KLH014a_1539,1,1,1,1,0
KLH014a_1540,17,17,17,17,0
KLH014a_1541,15,15,15,15,0
KLH014a_1542,6,6,6,6,0
KLH014a_1543,20,20,20,20,0
KLH014a_1544,19,19,19,19,0
KLH014a_1545,20,20,20,20,0
KLH014a_1546,1,1,1,1,0
KLH014a_1547,8,8,8,8,0
KLH014a_1548,8,8,8,8,0
KLH014a_1549,10,10,10,10,0
KLH014a_1550,18,18,18,18,0
KLH014a_1551,1,1,1,1,0
KLH014a_1552,12,12,12,12,0
KLH014a_1553,20,20,20,20,0
KLH014a_1554,14,14,14,14,0
KLH014a_1555,20,20,20,20,0
KLH014a_1556,20,20,20,20,0
KLH014a_1557,8,8,8,8,0
KLH014a_1558,5,5,5,5,0
KLH014a_1559,4,4,4,4,0
KLH014a_1560,8,8,8,8,0
KLH014a_1561,1,1,1,1,0
KLH014a_1562,5,5,5,5,0
KLH014a_1563,1,1,1,1,0
KLH014a_1564,15,15,15,15,0
KLH014a_1565,19,19,19,19,0
KLH014a_1566,15,15,15,15,0
KLH014a_1567,1,1,1,1,0
KLH014a_1568,18,18,18,18,0
KLH014a_1569,10,10,10,10,0
KLH014a_1570,1,1,1,1,0
KLH014a_1571,19,19,19,19,0
KLH014a_1572,20,20,20,20,0
KLH014a_1573,6,6,6,6,0
KLH014a_1574,13,13,13,13,0
KLH014a_1575,5,5,5,5,0
KLH014a_1576,1,1,1,1,0
KLH014a_1577,14,14,14,14,0
KLH014a_1578,1,1,1,1,0
KLH014a_1579,2,2,2,2,0
KLH014a_1580,7,7,7,7,0
KLH014a_1581,2,2,2,2,0
KLH014a_1582,20,20,20,20,0
KLH014a_1583,17,17,17,17,0
KLH014a_1584,20,20,20,20,0
KLH014a_1585,12,12,12,12,0
KLH014a_1586,6,6,6,6,0
KLH014a_1587,20,20,20,20,0
KLH014a_1588,14,14,14,14,0
KLH014a_1589,16,16,16,16,0
KLH014a_1590,1,1,1,1,0
KLH014b_0001,8,8,8,8,0
KLH014b_0002,1,1,1,1,0
KLH014b_0003,4,4,4,4,0
KLH014b_0004,17,17,17,17,0
KLH014b_0005,9,9,9,9,0
KLH014b_0006,6,6,6,6,0
KLH014b_0007,1,1,1,1,0
KLH014b_0008,15,15,15,15,0
KLH014b_0009,20,20,20,20,0
KLH014b_0010,16,16,16,16,0
KLH014b_0011,4,4,4,4,0
KLH014b_0012,6,6,6,6,0
KLH014b_0013,3,3,3,3,0
KLH014b_0014,13,13,13,13,0
KLH014b_0015,1,1,1,1,0
KLH014b_0016,20,20,20,20,0
KLH014b_0017,18,18,18,18,0
KLH014b_0018,9,9,9,9,0
KLH014b_0019,6,6,6,6,0
KLH014b_0020,6,6,6,6,0
KLH014b_0021,1,1,1,1,0
KLH014b_0022,1,1,1,1,0
KLH014b_0023,18,18,18,18,0
KLH014b_0024,4,4,4,4,0
KLH014b_0025,20,20,20,20,0
KLH014b_0026,1,1,1,1,0
KLH014b_0027,16,16,16,16,0
KLH014b_0028,1,1,1,1,0
KLH014b_0029,20,20,20,20,0
KLH014b_0030,4,4,4,4,0
KLH014b_0031,7,7,7,7,0
KLH014b_0032,2,2,2,2,0
KLH014b_0033,20,20,20,20,0
KLH014b_0034,1,1,1,1,0
KLH014b_0035,19,19,19,19,0
KLH014b_0036,19,19,19,19,0
KLH014b_0037,20,20,20,20,0
KLH014b_0038,20,20,20,20,0
KLH014b_0039,17,17,17,17,0
KLH014b_0040,5,5,5,5,0
KLH014b_0041,14,14,14,14,0
KLH014b_0042,19,19,19,19,0
KLH014b_0043,13,13,13,13,0
KLH014b_0044,7,7,7,7,0
KLH014b_0045,16,16,16,16,0
KLH014b_0046,3,3,3,3,0
KLH014b_0047,19,19,19,19,0
KLH014b_0048,18,18,18,18,0
KLH014b_0049,12,12,12,12,0
KLH014b_0050,15,15,15,15,0
KLH014b_0051,14,14,14,14,0
KLH014b_0052,15,15,15,15,0
KLH014b_0053,1,1,1,1,0
KLH014b_0054,7,7,7,7,0
KLH014b_0055,5,5,5,5,0
KLH014b_0056,6,6,6,6,0
KLH014b_0057,12,12,12,12,0
KLH014b_0058,20,20,20,20,0
KLH014b_0059,1,1,1,1,0
KLH014b_0060,2,2,2,2,0
KLH014b_0061,19,19,19,19,0
KLH014b_0062,12,12,12,12,0
KLH014b_0063,7,7,7,7,0
KLH014b_0064,4,4,4,4,0
KLH014b_0065,19,19,19,19,0
KLH014b_0066,13,13,13,13,0
KLH014b_0067,3,3,3,3,0
KLH014b_0068,8,8,8,8,0
KLH014b_0069,19,19,19,19,0
KLH014b_0070,8,8,8,8,0
KLH014b_0071,1,1,1,1,0
KLH014b_0072,20,20,20,20,0
KLH014b_0073,20,20,20,20,0
KLH014b_0074,20,20,20,20,0
KLH014b_0075,10,10,10,10,0
KLH014b_0076,5,5,5,5,0
KLH014b_0077,3,3,3,3,0
KLH014b_0078,18,18,18,18,0
KLH014b_0079,18,18,18,18,0
KLH014b_0080,18,18,18,18,0
KLH014b_0081,3,3,3,3,0
KLH014b_0082,1,1,1,1,0
KLH014b_0083,19,19,19,19,0
KLH014b_0084,7,7,7,7,0
KLH014b_0085,20,20,20,20,0
KLH014b_0086,18,18,18,18,0
KLH014b_0087,13,13,13,13,0
KLH014b_0088,20,20,20,20,0
KLH014b_0089,19,19,19,19,0
KLH014b_0090,15,15,15,15,0
KLH014b_0091,1,1,1,1,0
KLH014b_0092,20,20,20,20,0
KLH014b_0093,15,15,15,15,0
KLH014b_0094,6,6,6,6,0
KLH014b_0095,5,5,5,5,0
KLH014b_0096,6,6,6,6,0
KLH014b_0097,9,9,9,9,0
KLH014b_0098,1,1,1,1,0
KLH014b_0099,1,1,1,1,0
KLH014b_0100,12,12,12,12,0
KLH014b_0101,17,17,17,17,0
KLH014b_0102,1,1,1,1,0
KLH014b_0103,9,9,9,9,0
KLH014b_0104,19,19,19,19,0
KLH014b_0105,14,14,14,14,0
KLH014b_0106,18,18,18,18,0
KLH014b_0107,8,8,8,8,0
KLH014b_0108,1,1,1,1,0
KLH014b_0109,17,17,17,17,0
KLH014b_0110,2,2,2,2,0
KLH014b_0111,1,1,1,1,0
KLH014b_0112,19,19,19,19,0
KLH014b_0113,20,20,20,20,0
KLH014b_0114,20,20,20,20,0
KLH014b_0115,5,5,5,5,0
KLH014b_0116,14,14,14,14,0
KLH014b_0117,17,17,17,17,0
KLH014b_0118,14,14,14,14,0
KLH014b_0119,15,15,15,15,0
KLH014b_0120,15,15,15,15,0
KLH014b_0121,20,20,20,20,0
KLH014b_0122,1,1,1,1,0
KLH014b_0123,9,9,9,9,0
KLH014b_0124,7,7,7,7,0
KLH014b_0125,1,1,1,1,0
KLH014b_0126,20,20,20,20,0
KLH014b_0127,11,11,11,11,0
KLH014b_0128,17,17,17,17,0
KLH014b_0129,1,1,1,1,0
KLH014b_0130,1,1,1,1,0
KLH014b_0131,10,10,10,10,0
KLH014b_0132,20,20,20,20,0
KLH014b_0133,20,20,20,20,0
KLH014b_0134,20,20,20,20,0
KLH014b_0135,3,3,3,3,0
KLH014b_0136,5,5,5,5,0
KLH014b_0137,5,5,5,5,0
KLH014b_0138,11,11,11,11,0
KLH014b_0139,20,20,20,20,0
KLH014b_0140,16,16,16,16,0
KLH014b_0141,1,1,1,1,0
KLH014b_0142,20,20,20,20,0
KLH014b_0143,18,18,18,18,0
KLH014b_0144,20,20,20,20,0
KLH014b_0145,2,2,2,2,0
KLH014b_0146,8,8,8,8,0
KLH014b_0147,1,1,1,1,0
KLH014b_0148,20,20,20,20,0
KLH014b_0149,17,17,17,17,0
KLH014b_0150,1,1,1,1,0
KLH014b_0151,12,12,12,12,0
KLH014b_0152,2,2,2,2,0
KLH014b_0153,20,20,20,20,0
KLH014b_0154,17,17,17,17,0
KLH014b_0155,11,11,11,11,0
KLH014b_0156,6,6,6,6,0
KLH014b_0157,8,8,8,8,0
KLH014b_0158,2,2,2,2,0
KLH014b_0159,6,6,6,6,0
KLH014b_0160,1,1,1,1,0
KLH014b_0161,16,16,16,16,0
KLH014b_0162,4,4,4,4,0
KLH014b_0163,1,1,1,1,0
KLH014b_0164,14,14,14,14,0
KLH014b_0165,20,20,20,20,0
KLH014b_0166,8,8,8,8,0
KLH014b_0167,1,1,1,1,0
KLH014b_0168,14,14,14,14,0
KLH014b_0169,16,16,16,16,0
KLH014b_0170,1,1,1,1,0
KLH014b_0171,3,3,3,3,0
KLH014b_0172,19,19,19,19,0
KLH014b_0173,1,1,1,1,0
KLH014b_0174,20,20,20,20,0
KLH014b_0175,20,20,20,20,0
KLH014b_0176,4,4,4,4,0
KLH014b_0177,20,20,20,20,0
KLH014b_0178,14,14,14,14,0
KLH014b_0179,20,20,20,20,0
KLH014b_0180,1,1,1,1,0
KLH014b_0181,20,20,20,20,0
KLH014b_0182,7,7,7,7,0
KLH014b_0183,5,5,5,5,0
KLH014b_0184,4,4,4,4,0
KLH014b_0185,1,1,1,1,0
KLH014b_0186,1,1,1,1,0
KLH014b_0187,11,11,11,11,0
KLH014b_0188,8,8,8,8,0
KLH014b_0189,9,9,9,9,0
KLH014b_0190,6,6,6,6,0
KLH014b_0191,11,11,11,11,0
KLH014b_0192,14,14,14,14,0
KLH014b_0193,1,1,1,1,0
KLH014b_0194,1,1,1,1,0
KLH014b_0195,12,12,12,12,0
KLH014b_0196,1,1,1,1,0
KLH014b_0197,1,1,1,1,0
KLH014b_0198,3,3,3,3,0
KLH014b_0199,15,15,15,15,0
KLH014b_0200,13,13,13,13,0
KLH014b_0201,17,17,17,17,0
KLH014b_0202,8,8,8,8,0
KLH014b_0203,10,10,10,10,0
KLH014b_0204,12,12,12,12,0
KLH014b_0205,12,12,12,12,0
KLH014b_0206,18,18,18,18,0
KLH014b_0207,15,15,15,15,0
KLH014b_0208,9,9,9,9,0
KLH014b_0209,17,17,17,17,0
KLH014b_0210,6,6,6,6,0
KLH014b_0211,18,18,18,18,0
KLH014b_0212,11,11,11,11,0
KLH014b_0213,16,16,16,16,0
KLH014b_0214,3,3,3,3,0
KLH014b_0215,2,2,2,2,0
KLH014b_0216,5,5,5,5,0
KLH014b_0217,1,1,1,1,0
KLH014b_0218,20,20,20,20,0
KLH014b_0219,7,7,7,7,0
KLH014b_0220,1,1,1,1,0
KLH014b_0221,13,13,13,13,0
KLH014b_0222,1,1,1,1,0
KLH014b_0223,18,18,18,18,0
KLH014b_0224,19,19,19,19,0
KLH014b_0225,3,3,3,3,0
KLH014b_0226,5,5,5,5,0
KLH014b_0227,1,1,1,1,0
KLH014b_0228,3,3,3,3,0
KLH014b_0229,2,2,2,2,0
KLH014b_0230,16,16,16,16,0
KLH014b_0231,13,13,13,13,0
KLH014b_0232,11,11,11,11,0
KLH014b_0233,9,9,9,9,0
KLH014b_0234,20,20,20,20,0
KLH014b_0235,7,7,7,7,0
KLH014b_0236,6,6,6,6,0
KLH014b_0237,8,8,8,8,0
KLH014b_0238,1,1,1,1,0
KLH014b_0239,17,17,17,17,0
KLH014b_0240,9,9,9,9,0
KLH014b_0241,2,2,2,2,0
KLH014b_0242,12,12,12,12,0
KLH014b_0243,17,17,17,17,0
KLH014b_0244,1,1,1,1,0
KLH014b_0245,19,19,19,19,0
KLH014b_0246,1,1,1,1,0
KLH014b_0247,11,11,11,11,0
KLH014b_0248,15,15,15,15,0
KLH014b_0249,17,17,17,17,0
KLH014b_0250,8,8,8,8,0
KLH014b_0251,5,5,5,5,0
KLH014b_0252,1,1,1,1,0
KLH014b_0253,15,15,15,15,0
KLH014b_0254,20,20,20,20,0
KLH014b_0255,1,1,1,1,0
KLH014b_0256,11,11,11,11,0
KLH014b_0257,11,11,11,11,0
KLH014b_0258,14,14,14,14,0
KLH014b_0259,1,1,1,1,0
KLH014b_0260,9,9,9,9,0
KLH014b_0261,1,1,1,1,0
KLH014b_0262,13,13,13,13,0
KLH014b_0263,1,1,1,1,0
KLH014b_0264,7,7,7,7,0
KLH014b_0265,2,2,2,2,0
KLH014b_0266,16,16,16,16,0
KLH014b_0267,8,8,8,8,0
KLH014b_0268,4,4,4,4,0
KLH014b_0269,16,16,16,16,0
KLH014b_0270,1,1,1,1,0
KLH014b_0271,18,18,18,18,0
KLH014b_0272,6,6,6,6,0
KLH014b_0273,1,1,1,1,0
KLH014b_0274,13,13,13,13,0
KLH014b_0275,12,12,12,12,0
KLH014b_0276,20,20,20,20,0
KLH014b_0277,12,12,12,12,0
KLH014b_0278,8,8,8,8,0
KLH014b_0279,7,7,7,7,0
KLH014b_0280,3,3,3,3,0
KLH014b_0281,8,8,8,8,0
KLH014b_0282,14,14,14,14,0
KLH014b_0283,11,11,11,11,0
KLH014b_0284,6,6,6,6,0
KLH014b_0285,10,10,10,10,0
KLH014b_0286,1,1,1,1,0
KLH014b_0287,1,1,1,1,0
KLH014b_0288,8,8,8,8,0
KLH014b_0289,10,10,10,10,0
KLH014b_0290,19,19,19,19,0
KLH014b_0291,8,8,8,8,0
KLH014b_0292,3,3,3,3,0
KLH014b_0293,4,4,4,4,0
KLH014b_0294,1,1,1,1,0
KLH014b_0295,1,1,1,1,0
KLH014b_0296,1,1,1,1,0
KLH014b_0297,20,20,20,20,0
KLH014b_0298,3,3,3,3,0
KLH014b_0299,20,20,20,20,0
KLH014b_0300,16,16,16,16,0
KLH014b_0301,2,2,2,2,0
KLH014b_0302,11,11,11,11,0
KLH014b_0303,11,11,11,11,0
KLH014b_0304,6,6,6,6,0
KLH014b_0305,4,4,4,4,0
KLH014b_0306,3,3,3,3,0
KLH014b_0307,6,6,6,6,0
KLH014b_0308,4,4,4,4,0
KLH014b_0309,1,1,1,1,0
KLH014b_0310,1,1,1,1,0
KLH014b_0311,13,13,13,13,0
KLH014b_0312,8,8,8,8,0
KLH014b_0313,6,6,6,6,0
KLH014b_0314,2,2,2,2,0
KLH014b_0315,3,3,3,3,0
KLH014b_0316,12,12,12,12,0
KLH014b_0317,1,1,1,1,0
KLH014b_0318,12,12,12,12,0
KLH014b_0319,11,11,11,11,0
KLH014b_0320,1,1,1,1,0
KLH014b_0321,10,10,10,10,0
KLH014b_0322,3,3,3,3,0
KLH014b_0323,19,19,19,19,0
KLH014b_0324,13,13,13,13,0
KLH014b_0325,20,20,20,20,0
KLH014b_0326,20,20,20,20,0
KLH014b_0327,1,1,1,1,0
KLH014b_0328,5,5,5,5,0
KLH014b_0329,1,1,1,1,0
KLH014b_0330,5,5,5,5,0
KLH014b_0331,2,2,2,2,0
KLH014b_0332,12,12,12,12,0
KLH014b_0333,6,6,6,6,0
KLH014b_0334,7,7,7,7,0
KLH014b_0335,2,2,2,2,0
KLH014b_0336,12,12,12,12,0
KLH014b_0337,2,2,2,2,0
KLH014b_0338,1,1,1,1,0
KLH014b_0339,16,16,16,16,0
KLH014b_0340,17,17,17,17,0
KLH014b_0341,20,20,20,20,0
KLH014b_0342,17,17,17,17,0
KLH014b_0343,20,20,20,20,0
KLH014b_0344,1,1,1,1,0
KLH014b_0345,18,18,18,18,0
KLH014b_0346,12,12,12,12,0
KLH014b_0347,4,4,4,4,0
KLH014b_0348,1,1,1,1,0
KLH014b_0349,7,7,7,7,0
KLH014b_0350,18,18,18,18,0
KLH014b_0351,1,1,1,1,0
KLH014b_0352,20,20,20,20,0
KLH014b_0353,16,16,16,16,0
KLH014b_0354,1,1,1,1,0
KLH014b_0355,1,1,1,1,0
KLH014b_0356,11,11,11,11,0
KLH014b_0357,8,8,8,8,0
KLH014b_0358,11,11,11,11,0
KLH014b_0359,2,2,2,2,0
KLH014b_0360,1,1,1,1,0
KLH014b_0361,7,7,7,7,0
KLH014b_0362,6,6,6,6,0
KLH014b_0363,1,1,1,1,0
KLH014b_0364,1,1,1,1,0
KLH014b_0365,10,10,10,10,0
KLH014b_0366,4,4,4,4,0
KLH014b_0367,11,11,11,11,0
KLH014b_0368,2,2,2,2,0
KLH014b_0369,20,20,20,20,0
KLH014b_0370,1,1,1,1,0
KLH014b_0371,11,11,11,11,0
KLH014b_0372,3,3,3,3,0
KLH014b_0373,20,20,20,20,0
KLH014b_0374,1,1,1,1,0
KLH014b_0375,9,9,9,9,0
KLH014b_0376,15,15,15,15,0
KLH014b_0377,1,1,1,1,0
KLH014b_0378,19,19,19,19,0
KLH014b_0379,9,9,9,9,0
KLH014b_0380,1,1,1,1,0
KLH014b_0381,2,2,2,2,0
KLH014b_0382,1,1,1,1,0
KLH014b_0383,10,10,10,10,0
KLH014b_0384,1,1,1,1,0
KLH014b_0385,4,4,4,4,0
KLH014b_0386,2,2,2,2,0
KLH014b_0387,1,1,1,1,0
KLH014b_0388,14,14,14,14,0
KLH014b_0389,10,10,10,10,0
KLH014b_0390,20,20,20,20,0
KLH014b_0391,18,18,18,18,0
KLH014b_0392,1,1,1,1,0
KLH014b_0393,6,6,6,6,0
KLH014b_0394,8,8,8,8,0
KLH014b_0395,17,17,17,17,0
KLH014b_0396,18,18,18,18,0
KLH014b_0397,18,18,18,18,0
KLH014b_0398,20,20,20,20,0
KLH014b_0399,1,1,1,1,0
KLH014b_0400,1,1,1,1,0
KLH014b_0401,7,7,7,7,0
KLH014b_0402,10,10,10,10,0
KLH014b_0403,6,6,6,6,0
KLH014b_0404,11,11,11,11,0
KLH014b_0405,17,17,17,17,0
KLH014b_0406,16,16,16,16,0
KLH014b_0407,10,10,10,10,0
KLH014b_0408,7,7,7,7,0
KLH014b_0409,10,10,10,10,0
KLH014b_0410,17,17,17,17,0
KLH014b_0411,18,18,18,18,0
KLH014b_0412,3,3,3,3,0
KLH014b_0413,16,16,16,16,0
KLH014b_0414,10,10,10,10,0
KLH014b_0415,19,19,19,19,0
KLH014b_0416,6,6,6,6,0
KLH014b_0417,20,20,20,20,0
KLH014b_0418,2,2,2,2,0
KLH014b_0419,14,14,14,14,0
KLH014b_0420,1,1,1,1,0
KLH014b_0421,19,19,19,19,0
KLH014b_0422,20,20,20,20,0
KLH014b_0423,2,2,2,2,0
KLH014b_0424,19,19,19,19,0
KLH014b_0425,1,1,1,1,0
KLH014b_0426,2,2,2,2,0
KLH014b_0427,11,11,11,11,0
KLH014b_0428,1,1,1,1,0
KLH014b_0429,3,3,3,3,0
KLH014b_0430,2,2,2,2,0
KLH014b_0431,9,9,9,9,0
KLH014b_0432,20,20,20,20,0
KLH014b_0433,12,12,12,12,0
KLH014b_0434,1,1,1,1,0
KLH014b_0435,12,12,12,12,0
KLH014b_0436,2,2,2,2,0
KLH014b_0437,1,1,1,1,0
KLH014b_0438,16,16,16,16,0
KLH014b_0439,7,7,7,7,0
KLH014b_0440,20,20,20,20,0
KLH014b_0441,1,1,1,1,0
KLH014b_0442,20,20,20,20,0
KLH014b_0443,20,20,20,20,0
KLH014b_0444,8,8,8,8,0
KLH014b_0445,20,20,20,20,0
KLH014b_0446,20,20,20,20,0
KLH014b_0447,16,16,16,16,0
KLH014b_0448,18,18,18,18,0
KLH014b_0449,14,14,14,14,0
KLH014b_0450,10,10,10,10,0
KLH014b_0451,12,12,12,12,0
KLH014b_0452,1,1,1,1,0
KLH014b_0453,18,18,18,18,0
KLH014b_0454,7,7,7,7,0
KLH014b_0455,8,8,8,8,0
KLH014b_0456,1,1,1,1,0
KLH014b_0457,1,1,1,1,0
KLH014b_0458,9,9,9,9,0
KLH014b_0459,1,1,1,1,0
KLH014b_0460,19,19,19,19,0
KLH014b_0461,4,4,4,4,0
KLH014b_0462,15,15,15,15,0
KLH014b_0463,4,4,4,4,0
KLH014b_0464,8,8,8,8,0
KLH014b_0465,3,3,3,3,0
KLH014b_0466,9,9,9,9,0
KLH014b_0467,11,11,11,11,0
KLH014b_0468,2,2,2,2,0
KLH014b_0469,12,12,12,12,0
KLH014b_0470,11,11,11,11,0
KLH014b_0471,12,12,12,12,0
KLH014b_0472,8,8,8,8,0
KLH014b_0473,3,3,3,3,0
KLH014b_0474,9,9,9,9,0
KLH014b_0475,2,2,2,2,0
KLH014b_0476,1,1,1,1,0
KLH014b_0477,13,13,13,13,0
KLH014b_0478,14,14,14,14,0
KLH014b_0479,16,16,16,16,0
KLH014b_0480,12,12,12,12,0
KLH014b_0481,1,1,1,1,0
KLH014b_0482,20,20,20,20,0
KLH014b_0483,13,13,13,13,0
KLH014b_0484,3,3,3,3,0
KLH014b_0485,11,11,11,11,0
KLH014b_0486,19,19,19,19,0
KLH014b_0487,20,20,20,20,0
KLH014b_0488,20,20,20,20,0
KLH014b_0489,5,5,5,5,0
KLH014b_0490,20,20,20,20,0
KLH014b_0491,10,10,10,10,0
KLH014b_0492,20,20,20,20,0
KLH014b_0493,20,20,20,20,0
KLH014b_0494,3,3,3,3,0
KLH014b_0495,20,20,20,20,0
KLH014b_0496,18,18,18,18,0
KLH014b_0497,19,19,19,19,0
KLH014b_0498,17,17,17,17,0
KLH014b_0499,4,4,4,4,0
KLH014b_0500,20,20,20,20,0
KLH014b_0501,12,12,12,12,0
KLH014b_0502,1,1,1,1,0
KLH014b_0503,15,15,15,15,0
KLH014b_0504,3,3,3,3,0
KLH014b_0505,20,20,20,20,0
KLH014b_0506,2,2,2,2,0
KLH014b_0507,11,11,11,11,0
KLH014b_0508,19,19,19,19,0
KLH014b_0509,15,15,15,15,0
KLH014b_0510,19,19,19,19,0
KLH014b_0511,20,20,20,20,0
KLH014b_0512,2,2,2,2,0
KLH014b_0513,16,16,16,16,0
KLH014b_0514,18,18,18,18,0
KLH014b_0515,11,11,11,11,0
KLH014b_0516,18,18,18,18,0
KLH014b_0517,1,1,1,1,0
KLH014b_0518,16,16,16,16,0
KLH014b_0519,5,5,5,5,0
KLH014b_0520,16,16,16,16,0
KLH014b_0521,16,16,16,16,0
KLH014b_0522,1,1,1,1,0
KLH014b_0523,7,7,7,7,0
KLH014b_0524,3,3,3,3,0
KLH014b_0525,6,6,6,6,0
KLH014b_0526,12,12,12,12,0
KLH014b_0527,1,1,1,1,0
KLH014b_0528,5,5,5,5,0
KLH014b_0529,14,14,14,14,0
KLH014b_0530,3,3,3,3,0
KLH014b_0531,12,12,12,12,0
KLH014b_0532,2,2,2,2,0
KLH014b_0533,8,8,8,8,0
KLH014b_0534,6,6,6,6,0
KLH014b_0535,13,13,13,13,0
KLH014b_0536,18,18,18,18,0
KLH014b_0537,16,16,16,16,0
KLH014b_0538,13,13,13,13,0
KLH014b_0539,1,1,1,1,0
KLH014b_0540,14,14,14,14,0
KLH014b_0541,20,20,20,20,0
KLH014b_0542,1,1,1,1,0
KLH014b_0543,9,9,9,9,0
KLH014b_0544,2,2,2,2,0
KLH014b_0545,9,9,9,9,0
KLH014b_0546,8,8,8,8,0
KLH014b_0547,11,11,11,11,0
KLH014b_0548,6,6,6,6,0
KLH014b_0549,20,20,20,20,0
KLH014b_0550,15,15,15,15,0
KLH014b_0551,11,11,11,11,0
KLH014b_0552,1,1,1,1,0
KLH014b_0553,3,3,3,3,0
KLH014b_0554,10,10,10,10,0
KLH014b_0555,7,7,7,7,0
KLH014b_0556,14,14,14,14,0
KLH014b_0557,6,6,6,6,0
KLH014b_0558,10,10,10,10,0
KLH014b_0559,10,10,10,10,0
KLH014b_0560,20,20,20,20,0
KLH014b_0561,9,9,9,9,0
KLH014b_0562,1,1,1,1,0
KLH014b_0563,7,7,7,7,0
KLH014b_0564,5,5,5,5,0
KLH014b_0565,3,3,3,3,0
KLH014b_0566,20,20,20,20,0
KLH014b_0567,1,1,1,1,0
KLH014b_0568,11,11,11,11,0
KLH014b_0569,10,10,10,10,0
KLH014b_0570,6,6,6,6,0
KLH014b_0571,1,1,1,1,0
KLH014b_0572,13,13,13,13,0
KLH014b_0573,13,13,13,13,0
KLH014b_0574,17,17,17,17,0
KLH014b_0575,18,18,18,18,0
KLH014b_0576,1,1,1,1,0
KLH014b_0577,18,18,18,18,0
KLH014b_0578,7,7,7,7,0
KLH014b_0579,1,1,1,1,0
KLH014b_0580,2,2,2,2,0
KLH014b_0581,13,13,13,13,0
KLH014b_0582,4,4,4,4,0
KLH014b_0583,2,2,2,2,0
KLH014b_0584,1,1,1,1,0
KLH014b_0585,1,1,1,1,0
KLH014b_0586,8,8,8,8,0
KLH014b_0587,18,18,18,18,0
KLH014b_0588,1,1,1,1,0
KLH014b_0589,12,12,12,12,0
KLH014b_0590,10,10,10,10,0
KLH014b_0591,1,1,1,1,0
KLH014b_0592,12,12,12,12,0
KLH014b_0593,8,8,8,8,0
KLH014b_0594,1,1,1,1,0
KLH014b_0595,20,20,20,20,0
KLH014b_0596,14,14,14,14,0
KLH014b_0597,14,14,14,14,0
KLH014b_0598,8,8,8,8,0
KLH014b_0599,15,15,15,15,0
KLH014b_0600,14,14,14,14,0
KLH014b_0601,1,1,1,1,0
KLH014b_0602,6,6,6,6,0
KLH014b_0603,1,1,1,1,0
KLH014b_0604,20,20,20,20,0
KLH014b_0605,7,7,7,7,0
KLH014b_0606,19,19,19,19,0
KLH014b_0607,16,16,16,16,0
KLH014b_0608,15,15,15,15,0
KLH014b_0609,5,5,5,5,0
KLH014b_0610,1,1,1,1,0
KLH014b_0611,1,1,1,1,0
KLH014b_0612,19,19,19,19,0
KLH014b_0613,11,11,11,11,0
KLH014b_0614,20,20,20,20,0
KLH014b_0615,18,18,18,18,0
KLH014b_0616,12,12,12,12,0
KLH014b_0617,19,19,19,19,0
KLH014b_0618,16,16,16,16,0
KLH014b_0619,1,1,1,1,0
KLH014b_0620,5,5,5,5,0
KLH014b_0621,14,14,14,14,0
KLH014b_0622,5,5,5,5,0
KLH014b_0623,20,20,20,20,0
KLH014b_0624,16,16,16,16,0
KLH014b_0625,1,1,1,1,0
KLH014b_0626,1,1,1,1,0
KLH014b_0627,8,8,8,8,0
KLH014b_0628,5,5,5,5,0
KLH014b_0629,3,3,3,3,0
KLH014b_0630,8,8,8,8,0
KLH014b_0631,1,1,1,1,0
KLH014b_0632,1,1,1,1,0
KLH014b_0633,1,1,1,1,0
KLH014b_0634,5,5,5,5,0
KLH014b_0635,6,6,6,6,0
KLH014b_0636,1,1,1,1,0
KLH014b_0637,19,19,19,19,0
KLH014b_0638,11,11,11,11,0
KLH014b_0639,1,1,1,1,0
KLH014b_0640,16,16,16,16,0
KLH014b_0641,6,6,6,6,0
KLH014b_0642,19,19,19,19,0
KLH014b_0643,13,13,13,13,0
KLH014b_0644,1,1,1,1,0
KLH014b_0645,12,12,12,12,0
KLH014b_0646,10,10,10,10,0
KLH014b_0647,1,1,1,1,0
KLH014b_0648,19,19,19,19,0
KLH014b_0649,19,19,19,19,0
KLH014b_0650,20,20,20,20,0
KLH014b_0651,11,11,11,11,0
KLH014b_0652,2,2,2,2,0
KLH014b_0653,11,11,11,11,0
KLH014b_0654,13,13,13,13,0
KLH014b_0655,9,9,9,9,0
KLH014b_0656,1,1,1,1,0
KLH014b_0657,6,6,6,6,0
KLH014b_0658,15,15,15,15,0
KLH014b_0659,2,2,2,2,0
KLH014b_0660,15,15,15,15,0
KLH014b_0661,16,16,16,16,0
KLH014b_0662,20,20,20,20,0
KLH014b_0663,1,1,1,1,0
KLH014b_0664,15,15,15,15,0
KLH014b_0665,8,8,8,8,0
KLH014b_0666,20,20,20,20,0
KLH014b_0667,7,7,7,7,0
KLH014b_0668,9,9,9,9,0
KLH014b_0669,7,7,7,7,0
KLH014b_0670,6,6,6,6,0
KLH014b_0671,9,9,9,9,0
KLH014b_0672,2,2,2,2,0
KLH014b_0673,9,9,9,9,0
KLH014b_0674,9,9,9,9,0
KLH014b_0675,9,9,9,9,0
KLH014b_0676,8,8,8,8,0
KLH014b_0677,5,5,5,5,0
KLH014b_0678,4,4,4,4,0
KLH014b_0679,11,11,11,11,0
KLH014b_0680,4,4,4,4,0
KLH014b_0681,1,1,1,1,0
KLH014b_0682,11,11,11,11,0
KLH014b_0683,1,1,1,1,0
KLH014b_0684,1,1,1,1,0
KLH014b_0685,16,16,16,16,0
KLH014b_0686,4,4,4,4,0
KLH014b_0687,8,8,8,8,0
KLH014b_0688,6,6,6,6,0
KLH014b_0689,10,10,10,10,0
KLH014b_0690,3,3,3,3,0
KLH014b_0691,1,1,1,1,0
KLH014b_0692,18,18,18,18,0
KLH014b_0693,20,20,20,20,0
KLH014b_0694,19,19,19,19,0
KLH014b_0695,20,20,20,20,0
KLH014b_0696,20,20,20,20,0
KLH014b_0697,20,20,20,20,0
KLH014b_0698,20,20,20,20,0
KLH014b_0699,20,20,20,20,0
KLH014b_0700,1,1,1,1,0
KLH014b_0701,20,20,20,20,0
KLH014b_0702,3,3,3,3,0
KLH014b_0703,19,19,19,19,0
KLH014b_0704,2,2,2,2,0
KLH014b_0705,19,19,19,19,0
KLH014b_0706,10,10,10,10,0
KLH014b_0707,2,2,2,2,0
KLH014b_0708,12,12,12,12,0
KLH014b_0709,1,1,1,1,0
KLH014b_0710,5,5,5,5,0
KLH014b_0711,2,2,2,2,0
KLH014b_0712,10,10,10,10,0
KLH014b_0713,14,14,14,14,0
KLH014b_0714,8,8,8,8,0
KLH014b_0715,1,1,1,1,0
KLH014b_0716,12,12,12,12,0
KLH014b_0717,4,4,4,4,0
KLH014b_0718,8,8,8,8,0
KLH014b_0719,12,12,12,12,0
KLH014b_0720,1,1,1,1,0
KLH014b_0721,13,13,13,13,0
KLH014b_0722,11,11,11,11,0
KLH014b_0723,2,2,2,2,0
KLH014b_0724,1,1,1,1,0
KLH014b_0725,20,20,20,20,0
KLH014b_0726,17,17,17,17,0
KLH014b_0727,14,14,14,14,0
KLH014b_0728,20,20,20,20,0
KLH014b_0729,18,18,18,18,0
KLH014b_0730,8,8,8,8,0
KLH014b_0731,14,14,14,14,0
KLH014b_0732,2,2,2,2,0
KLH014b_0733,15,15,15,15,0
KLH014b_0734,19,19,19,19,0
KLH014b_0735,18,18,18,18,0
KLH014b_0736,20,20,20,20,0
KLH014b_0737,10,10,10,10,0
KLH014b_0738,12,12,12,12,0
KLH014b_0739,20,20,20,20,0
KLH014b_0740,9,9,9,9,0
KLH014b_0741,1,1,1,1,0
KLH014b_0742,20,20,20,20,0
KLH014b_0743,16,16,16,16,0
KLH014b_0744,5,5,5,5,0
KLH014b_0745,1,1,1,1,0
KLH014b_0746,20,20,20,20,0
KLH014b_0747,19,19,19,19,0
KLH014b_0748,20,20,20,20,0
KLH014b_0749,1,1,1,1,0
KLH014b_0750,16,16,16,16,0
KLH014b_0751,14,14,14,14,0
KLH014b_0752,3,3,3,3,0
KLH014b_0753,20,20,20,20,0
KLH014b_0754,19,19,19,19,0
KLH014b_0755,19,19,19,19,0
KLH014b_0756,8,8,8,8,0
KLH014b_0757,19,19,19,19,0
KLH014b_0758,7,7,7,7,0
KLH014b_0759,18,18,18,18,0
KLH014b_0760,19,19,19,19,0
KLH014b_0761,1,1,1,1,0
KLH014b_0762,1,1,1,1,0
KLH014b_0763,4,4,4,4,0
KLH014b_0764,12,12,12,12,0
KLH014b_0765,19,19,19,19,0
KLH014b_0766,12,12,12,12,0
KLH014b_0767,15,15,15,15,0
KLH014b_0768,4,4,4,4,0
KLH014b_0769,3,3,3,3,0
KLH014b_0770,2,2,2,2,0
KLH014b_0771,12,12,12,12,0
KLH014b_0772,1,1,1,1,0
KLH014b_0773,11,11,11,11,0
KLH014b_0774,16,16,16,16,0
KLH014b_0775,1,1,1,1,0
KLH014b_0776,11,11,11,11,0
KLH014b_0777,1,1,1,1,0
KLH014b_0778,15,15,15,15,0
KLH014b_0779,9,9,9,9,0
KLH014b_0780,18,18,18,18,0
KLH014b_0781,15,15,15,15,0
KLH014b_0782,1,1,1,1,0
KLH014b_0783,20,20,20,20,0
KLH014b_0784,6,6,6,6,0
KLH014b_0785,3,3,3,3,0
KLH014b_0786,18,18,18,18,0
KLH014b_0787,1,1,1,1,0
KLH014b_0788,1,1,1,1,0
KLH014b_0789,20,20,20,20,0
KLH014b_0790,1,1,1,1,0
KLH014b_0791,17,17,17,17,0
KLH014b_0792,20,20,20,20,0
KLH014b_0793,14,14,14,14,0
KLH014b_0794,16,16,16,16,0
KLH014b_0795,13,13,13,13,0
KLH014b_0796,12,12,12,12,0
KLH014b_0797,1,1,1,1,0
KLH014b_0798,7,7,7,7,0
KLH014b_0799,6,6,6,6,0
KLH014b_0800,1,1,1,1,0
KLH014b_0801,20,20,20,20,0
KLH014b_0802,2,2,2,2,0
KLH014b_0803,20,20,20,20,0
KLH014b_0804,7,7,7,7,0
KLH014b_0805,18,18,18,18,0
KLH014b_0806,20,20,20,20,0
KLH014b_0807,3,3,3,3,0
KLH014b_0808,12,12,12,12,0
KLH014b_0809,1,1,1,1,0
KLH014b_0810,20,20,20,20,0
KLH014b_0811,2,2,2,2,0
KLH014b_0812,9,9,9,9,0
KLH014b_0813,20,20,20,20,0
KLH014b_0814,19,19,19,19,0
KLH014b_0815,1,1,1,1,0
KLH014b_0816,10,10,10,10,0
KLH014b_0817,13,13,13,13,0
KLH014b_0818,3,3,3,3,0
KLH014b_0819,11,11,11,11,0
KLH014b_0820,14,14,14,14,0
KLH014b_0821,20,20,20,20,0
KLH014b_0822,15,15,15,15,0
KLH014b_0823,19,19,19,19,0
KLH014b_0824,2,2,2,2,0
KLH014b_0825,20,20,20,20,0
KLH014b_0826,12,12,12,12,0
KLH014b_0827,13,13,13,13,0
KLH014b_0828,1,1,1,1,0
KLH014b_0829,1,1,1,1,0
KLH014b_0830,1,1,1,1,0
KLH014b_0831,17,17,17,17,0
KLH014b_0832,7,7,7,7,0
KLH014b_0833,3,3,3,3,0
KLH014b_0834,6,6,6,6,0
KLH014b_0835,5,5,5,5,0
KLH014b_0836,1,1,1,1,0
KLH014b_0837,6,6,6,6,0
KLH014b_0838,8,8,8,8,0
KLH014b_0839,4,4,4,4,0
KLH014b_0840,11,11,11,11,0
KLH014b_0841,3,3,3,3,0
KLH014b_0842,11,11,11,11,0
KLH014b_0843,14,14,14,14,0
KLH014b_0844,15,15,15,15,0
KLH014b_0845,9,9,9,9,0
KLH014b_0846,8,8,8,8,0
KLH014b_0847,3,3,3,3,0
KLH014b_0848,18,18,18,18,0
KLH014b_0849,9,9,9,9,0
KLH014b_0850,4,4,4,4,0
KLH014b_0851,2,2,2,2,0
KLH014b_0852,10,10,10,10,0
KLH014b_0853,3,3,3,3,0
KLH014b_0854,15,15,15,15,0
KLH014b_0855,6,6,6,6,0
KLH014b_0856,9,9,9,9,0
KLH014b_0857,10,10,10,10,0
KLH014b_0858,6,6,6,6,0
KLH014b_0859,7,7,7,7,0
KLH014b_0860,5,5,5,5,0
KLH014b_0861,5,5,5,5,0
KLH014b_0862,20,20,20,20,0
KLH014b_0863,20,20,20,20,0
KLH014b_0864,11,11,11,11,0
KLH014b_0865,1,1,1,1,0
KLH014b_0866,19,19,19,19,0
KLH014b_0867,4,4,4,4,0
KLH014b_0868,20,20,20,20,0
KLH014b_0869,1,1,1,1,0
KLH014b_0870,11,11,11,11,0
KLH014b_0871,20,20,20,20,0
KLH014b_0872,1,1,1,1,0
KLH014b_0873,20,20,20,20,0
KLH014b_0874,4,4,4,4,0
KLH014b_0875,12,12,12,12,0
KLH014b_0876,2,2,2,2,0
KLH014b_0877,4,4,4,4,0
KLH014b_0878,3,3,3,3,0
KLH014b_0879,5,5,5,5,0
KLH014b_0880,4,4,4,4,0
KLH014b_0881,1,1,1,1,0
KLH014b_0882,10,10,10,10,0
KLH014b_0883,1,1,1,1,0
KLH014b_0884,8,8,8,8,0
KLH014b_0885,7,7,7,7,0
KLH014b_0886,7,7,7,7,0
KLH014b_0887,16,16,16,16,0
KLH014b_0888,14,14,14,14,0
KLH014b_0889,20,20,20,20,0
KLH014b_0890,1,1,1,1,0
KLH014b_0891,8,8,8,8,0
KLH014b_0892,20,20,20,20,0
KLH014b_0893,8,8,8,8,0
KLH014b_0894,5,5,5,5,0
KLH014b_0895,1,1,1,1,0
KLH014b_0896,8,8,8,8,0
KLH014b_0897,3,3,3,3,0
KLH014b_0898,1,1,1,1,0
KLH014b_0899,7,7,7,7,0
KLH014b_0900,20,20,20,20,0
KLH014b_0901,1,1,1,1,0
KLH014b_0902,19,19,19,19,0
KLH014b_0903,12,12,12,12,0
KLH014b_0904,9,9,9,9,0
KLH014b_0905,9,9,9,9,0
KLH014b_0906,14,14,14,14,0
KLH014b_0907,13,13,13,13,0
KLH014b_0908,1,1,1,1,0
KLH014b_0909,1,1,1,1,0
KLH014b_0910,1,1,1,1,0
KLH014b_0911,4,4,4,4,0
KLH014b_0912,10,10,10,10,0
KLH014b_0913,13,13,13,13,0
KLH014b_0914,12,12,12,12,0
KLH014b_0915,1,1,1,1,0
KLH014b_0916,12,12,12,12,0
KLH014b_0917,13,13,13,13,0
KLH014b_0918,20,20,20,20,0
KLH014b_0919,2,2,2,2,0
KLH014b_0920,20,20,20,20,0
KLH014b_0921,20,20,20,20,0
KLH014b_0922,11,11,11,11,0
KLH014b_0923,17,17,17,17,0
KLH014b_0924,20,20,20,20,0
KLH014b_0925,19,19,19,19,0
KLH014b_0926,1,1,1,1,0
KLH014b_0927,5,5,5,5,0
KLH014b_0928,20,20,20,20,0
KLH014b_0929,11,11,11,11,0
KLH014b_0930,20,20,20,20,0
KLH014b_0931,16,16,16,16,0
KLH014b_0932,13,13,13,13,0
KLH014b_0933,6,6,6,6,0
KLH014b_0934,20,20,20,20,0
KLH014b_0935,18,18,18,18,0
KLH014b_0936,2,2,2,2,0
KLH014b_0937,1,1,1,1,0
KLH014b_0938,20,20,20,20,0
KLH014b_0939,12,12,12,12,0
KLH014b_0940,11,11,11,11,0
KLH014b_0941,1,1,1,1,0
KLH014b_0942,9,9,9,9,0
KLH014b_0943,5,5,5,5,0
KLH014b_0944,16,16,16,16,0
KLH014b_0945,6,6,6,6,0
KLH014b_0946,20,20,20,20,0
KLH014b_0947,6,6,6,6,0
KLH014b_0948,8,8,8,8,0
KLH014b_0949,1,1,1,1,0
KLH014b_0950,1,1,1,1,0
KLH014b_0951,1,1,1,1,0
KLH014b_0952,4,4,4,4,0
KLH014b_0953,8,8,8,8,0
KLH014b_0954,19,19,19,19,0
KLH014b_0955,1,1,1,1,0
KLH014b_0956,5,5,5,5,0
KLH014b_0957,2,2,2,2,0
KLH014b_0958,15,15,15,15,0
KLH014b_0959,1,1,1,1,0
KLH014b_0960,4,4,4,4,0
KLH014b_0961,1,1,1,1,0
KLH014b_0962,18,18,18,18,0
KLH014b_0963,1,1,1,1,0
KLH014b_0964,20,20,20,20,0
KLH014b_0965,12,12,12,12,0
KLH014b_0966,5,5,5,5,0
KLH014b_0967,15,15,15,15,0
KLH014b_0968,1,1,1,1,0
KLH014b_0969,20,20,20,20,0
KLH014b_0970,5,5,5,5,0
KLH014b_0971,20,20,20,20,0
KLH014b_0972,16,16,16,16,0
KLH014b_0973,1,1,1,1,0
KLH014b_0974,1,1,1,1,0
KLH014b_0975,1,1,1,1,0
KLH014b_0976,13,13,13,13,0
KLH014b_0977,1,1,1,1,0
KLH014b_0978,13,13,13,13,0
KLH014b_0979,1,1,1,1,0
KLH014b_0980,16,16,16,16,0
KLH014b_0981,8,8,8,8,0
KLH014b_0982,15,15,15,15,0
KLH014b_0983,16,16,16,16,0
KLH014b_0984,18,18,18,18,0
KLH014b_0985,11,11,11,11,0
KLH014b_0986,17,17,17,17,0
KLH014b_0987,18,18,18,18,0
KLH014b_0988,3,3,3,3,0
KLH014b_0989,8,8,8,8,0
KLH014b_0990,15,15,15,15,0
KLH014b_0991,19,19,19,19,0
KLH014b_0992,2,2,2,2,0
KLH014b_0993,10,10,10,10,0
KLH014b_0994,16,16,16,16,0
KLH014b_0995,6,6,6,6,0
KLH014b_0996,9,9,9,9,0
KLH014b_0997,16,16,16,16,0
KLH014b_0998,20,20,20,20,0
KLH014b_0999,10,10,10,10,0
KLH014b_1000,1,1,1,1,0
KLH014b_1001,1,1,1,1,0
KLH014b_1002,6,6,6,6,0
KLH014b_1003,5,5,5,5,0
KLH014b_1004,3,3,3,3,0
KLH014b_1005,3,3,3,3,0
KLH014b_1006,8,8,8,8,0
KLH014b_1007,14,14,14,14,0
KLH014b_1008,20,20,20,20,0
KLH014b_1009,15,15,15,15,0
KLH014b_1010,10,10,10,10,0
KLH014b_1011,1,1,1,1,0
KLH014b_1012,1,1,1,1,0
KLH014b_1013,1,1,1,1,0
KLH014b_1014,1,1,1,1,0
KLH014b_1015,1,1,1,1,0
KLH014b_1016,1,1,1,1,0
KLH014b_1017,2,2,2,2,0
KLH014b_1018,1,1,1,1,0
KLH014b_1019,1,1,1,1,0
KLH014b_1020,18,18,18,18,0
KLH014b_1021,1,1,1,1,0
KLH014b_1022,15,15,15,15,0
KLH014b_1023,4,4,4,4,0
KLH014b_1024,9,9,9,9,0
KLH014b_1025,18,18,18,18,0
KLH014b_1026,20,20,20,20,0
KLH014b_1027,13,13,13,13,0
KLH014b_1028,12,12,12,12,0
KLH014b_1029,13,13,13,13,0
KLH014b_1030,17,17,17,17,0
KLH014b_1031,19,19,19,19,0
KLH014b_1032,1,1,1,1,0
KLH014b_1033,4,4,4,4,0
KLH014b_1034,4,4,4,4,0
KLH014b_1035,14,14,14,14,0
KLH014b_1036,19,19,19,19,0
KLH014b_1037,1,1,1,1,0
KLH014b_1038,1,1,1,1,0
KLH014b_1039,1,1,1,1,0
KLH014b_1040,1,1,1,1,0
KLH014b_1041,7,7,7,7,0
KLH014b_1042,1,1,1,1,0
KLH014b_1043,12,12,12,12,0
KLH014b_1044,15,15,15,15,0
KLH014b_1045,20,20,20,20,0
KLH014b_1046,20,20,20,20,0
KLH014b_1047,1,1,1,1,0
KLH014b_1048,1,1,1,1,0
KLH014b_1049,10,10,10,10,0
KLH014b_1050,17,17,17,17,0
KLH014b_1051,9,9,9,9,0
KLH014b_1052,14,14,14,14,0
KLH014b_1053,1,1,1,1,0
KLH014b_1054,4,4,4,4,0
KLH014b_1055,16,16,16,16,0
KLH014b_1056,20,20,20,20,0
KLH014b_1057,1,1,1,1,0
KLH014b_1058,5,5,5,5,0
KLH014b_1059,5,5,5,5,0
KLH014b_1060,1,1,1,1,0
KLH014b_1061,8,8,8,8,0
KLH014b_1062,1,1,1,1,0
KLH014b_1063,2,2,2,2,0
KLH014b_1064,1,1,1,1,0
KLH014b_1065,1,1,1,1,0
KLH014b_1066,8,8,8,8,0
KLH014b_1067,20,20,20,20,0
KLH014b_1068,8,8,8,8,0
KLH014b_1069,20,20,20,20,0
KLH014b_1070,5,5,5,5,0
KLH014b_1071,18,18,18,18,0
KLH014b_1072,10,10,10,10,0
KLH014b_1073,3,3,3,3,0
KLH014b_1074,15,15,15,15,0
KLH014b_1075,20,20,20,20,0
KLH014b_1076,19,19,19,19,0
KLH014b_1077,10,10,10,10,0
KLH014b_1078,20,20,20,20,0
KLH014b_1079,4,4,4,4,0
KLH014b_1080,8,8,8,8,0
KLH014b_1081,15,15,15,15,0
KLH014b_1082,1,1,1,1,0
KLH014b_1083,20,20,20,20,0
KLH014b_1084,10,10,10,10,0
KLH014b_1085,10,10,10,10,0
KLH014b_1086,1,1,1,1,0
KLH014b_1087,16,16,16,16,0
KLH014b_1088,1,1,1,1,0
KLH014b_1089,7,7,7,7,0
KLH014b_1090,10,10,10,10,0
KLH014b_1091,1,1,1,1,0
KLH014b_1092,1,1,1,1,0
KLH014b_1093,11,11,11,11,0
KLH014b_1094,1,1,1,1,0
KLH014b_1095,5,5,5,5,0
KLH014b_1096,7,7,7,7,0
KLH014b_1097,13,13,13,13,0
KLH014b_1098,1,1,1,1,0
KLH014b_1099,19,19,19,19,0
KLH014b_1100,1,1,1,1,0
KLH014b_1101,1,1,1,1,0
KLH014b_1102,1,1,1,1,0
KLH014b_1103,3,3,3,3,0
KLH014b_1104,10,10,10,10,0
KLH014b_1105,2,2,2,2,0
KLH014b_1106,16,16,16,16,0
KLH014b_1107,6,6,6,6,0
KLH014b_1108,8,8,8,8,0
KLH014b_1109,1,1,1,1,0
KLH014b_1110,10,10,10,10,0
KLH014b_1111,13,13,13,13,0
KLH014b_1112,17,17,17,17,0
KLH014b_1113,15,15,15,15,0
KLH014b_1114,1,1,1,1,0
KLH014b_1115,1,1,1,1,0
KLH014b_1116,2,2,2,2,0
KLH014b_1117,1,1,1,1,0
KLH014b_1118,20,20,20,20,0
KLH014b_1119,20,20,20,20,0
KLH014b_1120,10,10,10,10,0
KLH014b_1121,20,20,20,20,0
KLH014b_1122,20,20,20,20,0
KLH014b_1123,1,1,1,1,0
KLH014b_1124,11,11,11,11,0
KLH014b_1125,15,15,15,15,0
KLH014b_1126,2,2,2,2,0
KLH014b_1127,20,20,20,20,0
KLH014b_1128,20,20,20,20,0
KLH014b_1129,20,20,20,20,0
KLH014b_1130,9,9,9,9,0
KLH014b_1131,1,1,1,1,0
KLH014b_1132,7,7,7,7,0
KLH014b_1133,16,16,16,16,0
KLH014b_1134,18,18,18,18,0
KLH014b_1135,15,15,15,15,0
KLH014b_1136,3,3,3,3,0
KLH014b_1137,12,12,12,12,0
KLH014b_1138,12,12,12,12,0
KLH014b_1139,20,20,20,20,0
KLH014b_1140,5,5,5,5,0
KLH014b_1141,1,1,1,1,0
KLH014b_1142,1,1,1,1,0
KLH014b_1143,19,19,19,19,0
KLH014b_1144,1,1,1,1,0
KLH014b_1145,1,1,1,1,0
KLH014b_1146,3,3,3,3,0
KLH014b_1147,20,20,20,20,0
KLH014b_1148,20,20,20,20,0
KLH014b_1149,13,13,13,13,0
KLH014b_1150,20,20,20,20,0
KLH014b_1151,19,19,19,19,0
KLH014b_1152,4,4,4,4,0
KLH014b_1153,7,7,7,7,0
KLH014b_1154,19,19,19,19,0
KLH014b_1155,3,3,3,3,0
KLH014b_1156,13,13,13,13,0
KLH014b_1157,1,1,1,1,0
KLH014b_1158,1,1,1,1,0
KLH014b_1159,3,3,3,3,0
KLH014b_1160,7,7,7,7,0
KLH014b_1161,1,1,1,1,0
KLH014b_1162,7,7,7,7,0
KLH014b_1163,11,11,11,11,0
KLH014b_1164,12,12,12,12,0
KLH014b_1165,1,1,1,1,0
KLH014b_1166,20,20,20,20,0
KLH014b_1167,16,16,16,16,0
KLH014b_1168,9,9,9,9,0
KLH014b_1169,20,20,20,20,0
KLH014b_1170,1,1,1,1,0
KLH014b_1171,1,1,1,1,0
KLH014b_1172,18,18,18,18,0
KLH014b_1173,9,9,9,9,0
KLH014b_1174,6,6,6,6,0
KLH014b_1175,8,8,8,8,0
KLH014b_1176,13,13,13,13,0
KLH014b_1177,8,8,8,8,0
KLH014b_1178,15,15,15,15,0
KLH014b_1179,17,17,17,17,0
KLH014b_1180,17,17,17,17,0
KLH014b_1181,3,3,3,3,0
KLH014b_1182,11,11,11,11,0
KLH014b_1183,8,8,8,8,0
KLH014b_1184,1,1,1,1,0
KLH014b_1185,20,20,20,20,0
KLH014b_1186,5,5,5,5,0
KLH014b_1187,15,15,15,15,0
KLH014b_1188,1,1,1,1,0
KLH014b_1189,17,17,17,17,0
KLH014b_1190,12,12,12,12,0
KLH014b_1191,14,14,14,14,0
KLH014b_1192,8,8,8,8,0
KLH014b_1193,9,9,9,9,0
KLH014b_1194,8,8,8,8,0
KLH014b_1195,11,11,11,11,0
KLH014b_1196,3,3,3,3,0
KLH014b_1197,1,1,1,1,0
KLH014b_1198,18,18,18,18,0
KLH014b_1199,3,3,3,3,0
KLH014b_1200,1,1,1,1,0
KLH014b_1201,10,10,10,10,0
KLH014b_1202,14,14,14,14,0
KLH014b_1203,1,1,1,1,0
KLH014b_1204,19,19,19,19,0
KLH014b_1205,19,19,19,19,0
KLH014b_1206,12,12,12,12,0
KLH014b_1207,8,8,8,8,0
KLH014b_1208,10,10,10,10,0
KLH014b_1209,5,5,5,5,0
KLH014b_1210,15,15,15,15,0
KLH014b_1211,9,9,9,9,0
KLH014b_1212,18,18,18,18,0
KLH014b_1213,16,16,16,16,0
KLH014b_1214,3,3,3,3,0
KLH014b_1215,18,18,18,18,0
KLH014b_1216,1,1,1,1,0
KLH014b_1217,4,4,4,4,0
KLH014b_1218,7,7,7,7,0
KLH014b_1219,7,7,7,7,0
KLH014b_1220,4,4,4,4,0
KLH014b_1221,5,5,5,5,0
KLH014b_1222,2,2,2,2,0
KLH014b_1223,18,18,18,18,0
KLH014b_1224,16,16,16,16,0
KLH014b_1225,20,20,20,20,0
KLH014b_1226,6,6,6,6,0
KLH014b_1227,14,14,14,14,0
KLH014b_1228,11,11,11,11,0
KLH014b_1229,17,17,17,17,0
KLH014b_1230,4,4,4,4,0
KLH014b_1231,13,13,13,13,0
KLH014b_1232,4,4,4,4,0
KLH014b_1233,4,4,4,4,0
KLH014b_1234,1,1,1,1,0
KLH014b_1235,6,6,6,6,0
KLH014b_1236,17,17,17,17,0
KLH014b_1237,20,20,20,20,0
KLH014b_1238,18,18,18,18,0
KLH014b_1239,16,16,16,16,0
KLH014b_1240,19,19,19,19,0
KLH014b_1241,19,19,19,19,0
KLH014b_1242,1,1,1,1,0
KLH014b_1243,1,1,1,1,0
KLH014b_1244,1,1,1,1,0
KLH014b_1245,1,1,1,1,0
KLH014b_1246,2,2,2,2,0
KLH014b_1247,14,14,14,14,0
KLH014b_1248,4,4,4,4,0
KLH014b_1249,7,7,7,7,0
KLH014b_1250,1,1,1,1,0
KLH014b_1251,18,18,18,18,0
KLH014b_1252,1,1,1,1,0
KLH014b_1253,1,1,1,1,0
KLH014b_1254,14,14,14,14,0
KLH014b_1255,14,14,14,14,0
KLH014b_1256,14,14,14,14,0
KLH014b_1257,13,13,13,13,0
KLH014b_1258,20,20,20,20,0
KLH014b_1259,3,3,3,3,0
KLH014b_1260,1,1,1,1,0
KLH014b_1261,2,2,2,2,0
KLH014b_1262,15,15,15,15,0
KLH014b_1263,10,10,10,10,0
KLH014b_1264,1,1,1,1,0
KLH014b_1265,2,2,2,2,0
KLH014b_1266,11,11,11,11,0
KLH014b_1267,3,3,3,3,0
KLH014b_1268,14,14,14,14,0
KLH014b_1269,1,1,1,1,0
KLH014b_1270,16,16,16,16,0
KLH014b_1271,7,7,7,7,0
KLH014b_1272,18,18,18,18,0
KLH014b_1273,1,1,1,1,0
KLH014b_1274,8,8,8,8,0
KLH014b_1275,6,6,6,6,0
KLH014b_1276,20,20,20,20,0
KLH014b_1277,7,7,7,7,0
KLH014b_1278,3,3,3,3,0
KLH014b_1279,4,4,4,4,0
KLH014b_1280,13,13,13,13,0
KLH014b_1281,11,11,11,11,0
KLH014b_1282,2,2,2,2,0
KLH014b_1283,2,2,2,2,0
KLH014b_1284,8,8,8,8,0
KLH014b_1285,18,18,18,18,0
KLH014b_1286,20,20,20,20,0
KLH014b_1287,3,3,3,3,0
KLH014b_1288,5,5,5,5,0
KLH014b_1289,2,2,2,2,0
KLH014b_1290,17,17,17,17,0
KLH014b_1291,1,1,1,1,0
KLH014b_1292,9,9,9,9,0
KLH014b_1293,4,4,4,4,0
KLH014b_1294,3,3,3,3,0
KLH014b_1295,1,1,1,1,0
KLH014b_1296,17,17,17,17,0
KLH014b_1297,1,1,1,1,0
KLH014b_1298,8,8,8,8,0
KLH014b_1299,1,1,1,1,0
KLH014b_1300,11,11,11,11,0
KLH014b_1301,20,20,20,20,0
KLH014b_1302,1,1,1,1,0
KLH014b_1303,9,9,9,9,0
KLH014b_1304,1,1,1,1,0
KLH014b_1305,16,16,16,16,0
KLH014b_1306,13,13,13,13,0
KLH014b_1307,12,12,12,12,0
KLH014b_1308,1,1,1,1,0
KLH014b_1309,1,1,1,1,0
KLH014b_1310,4,4,4,4,0
KLH014b_1311,15,15,15,15,0
KLH014b_1312,1,1,1,1,0
KLH014b_1313,9,9,9,9,0
KLH014b_1314,17,17,17,17,0
KLH014b_1315,9,9,9,9,0
KLH014b_1316,18,18,18,18,0
KLH014b_1317,2,2,2,2,0
KLH014b_1318,13,13,13,13,0
KLH014b_1319,12,12,12,12,0
KLH014b_1320,1,1,1,1,0
KLH014b_1321,1,1,1,1,0
KLH014b_1322,15,15,15,15,0
KLH014b_1323,2,2,2,2,0
KLH014b_1324,11,11,11,11,0
KLH014b_1325,2,2,2,2,0
KLH014b_1326,1,1,1,1,0
KLH014b_1327,20,20,20,20,0
KLH014b_1328,3,3,3,3,0
KLH014b_1329,20,20,20,20,0
KLH014b_1330,16,16,16,16,0
KLH014b_1331,10,10,10,10,0
KLH014b_1332,1,1,1,1,0
KLH014b_1333,20,20,20,20,0
KLH014b_1334,2,2,2,2,0
KLH014b_1335,2,2,2,2,0
KLH014b_1336,1,1,1,1,0
KLH014b_1337,17,17,17,17,0
KLH014b_1338,12,12,12,12,0
KLH014b_1339,1,1,1,1,0
KLH014b_1340,8,8,8,8,0
KLH014b_1341,18,18,18,18,0
KLH014b_1342,1,1,1,1,0
KLH014b_1343,9,9,9,9,0
KLH014b_1344,4,4,4,4,0
KLH014b_1345,1,1,1,1,0
KLH014b_1346,11,11,11,11,0
KLH014b_1347,1,1,1,1,0
KLH014b_1348,15,15,15,15,0
KLH014b_1349,4,4,4,4,0
KLH014b_1350,20,20,20,20,0
KLH014b_1351,20,20,20,20,0
KLH014b_1352,5,5,5,5,0
KLH014b_1353,20,20,20,20,0
KLH014b_1354,20,20,20,20,0
KLH014b_1355,5,5,5,5,0
KLH014b_1356,5,5,5,5,0
KLH014b_1357,2,2,2,2,0
KLH014b_1358,14,14,14,14,0
KLH014b_1359,1,1,1,1,0
KLH014b_1360,1,1,1,1,0
KLH014b_1361,19,19,19,19,0
KLH014b_1362,20,20,20,20,0
KLH014b_1363,1,1,1,1,0
KLH014b_1364,14,14,14,14,0
KLH014b_1365,4,4,4,4,0
KLH014b_1366,15,15,15,15,0
KLH014b_1367,7,7,7,7,0
KLH014b_1368,9,9,9,9,0
KLH014b_1369,2,2,2,2,0
KLH014b_1370,20,20,20,20,0
KLH014b_1371,18,18,18,18,0
KLH014b_1372,8,8,8,8,0
KLH014b_1373,16,16,16,16,0
KLH014b_1374,20,20,20,20,0
KLH014b_1375,1,1,1,1,0
KLH014b_1376,4,4,4,4,0
KLH014b_1377,11,11,11,11,0
KLH014b_1378,20,20,20,20,0
KLH014b_1379,20,20,20,20,0
KLH014b_1380,20,20,20,20,0
KLH014b_1381,5,5,5,5,0
KLH014b_1382,6,6,6,6,0
KLH014b_1383,1,1,1,1,0
KLH014b_1384,1,1,1,1,0
KLH014b_1385,1,1,1,1,0
KLH014b_1386,9,9,9,9,0
KLH014b_1387,12,12,12,12,0
KLH014b_1388,20,20,20,20,0
KLH014b_1389,1,1,1,1,0
KLH014b_1390,20,20,20,20,0
KLH014b_1391,1,1,1,1,0
KLH014b_1392,13,13,13,13,0
KLH014b_1393,20,20,20,20,0
KLH014b_1394,1,1,1,1,0
KLH014b_1395,1,1,1,1,0
KLH014b_1396,5,5,5,5,0
KLH014b_1397,12,12,12,12,0
KLH014b_1398,1,1,1,1,0
KLH014b_1399,19,19,19,19,0
KLH014b_1400,16,16,16,16,0
KLH014b_1401,1,1,1,1,0
KLH014b_1402,7,7,7,7,0
KLH014b_1403,14,14,14,14,0
KLH014b_1404,19,19,19,19,0
KLH014b_1405,11,11,11,11,0
KLH014b_1406,12,12,12,12,0
KLH014b_1407,15,15,15,15,0
KLH014b_1408,7,7,7,7,0
KLH014b_1409,1,1,1,1,0
KLH014b_1410,1,1,1,1,0
KLH014b_1411,6,6,6,6,0
KLH014b_1412,7,7,7,7,0
KLH014b_1413,20,20,20,20,0
KLH014b_1414,1,1,1,1,0
KLH014b_1415,1,1,1,1,0
KLH014b_1416,15,15,15,15,0
KLH014b_1417,5,5,5,5,0
KLH014b_1418,8,8,8,8,0
KLH014b_1419,20,20,20,20,0
KLH014b_1420,14,14,14,14,0
KLH014b_1421,15,15,15,15,0
KLH014b_1422,12,12,12,12,0
KLH014b_1423,1,1,1,1,0
KLH014b_1424,9,9,9,9,0
KLH014b_1425,4,4,4,4,0
KLH014b_1426,6,6,6,6,0
KLH014b_1427,8,8,8,8,0
KLH014b_1428,1,1,1,1,0
KLH014b_1429,11,11,11,11,0
KLH014b_1430,17,17,17,17,0
KLH014b_1431,1,1,1,1,0
KLH014b_1432,1,1,1,1,0
KLH014b_1433,18,18,18,18,0
KLH014b_1434,1,1,1,1,0
KLH014b_1435,20,20,20,20,0
KLH014b_1436,6,6,6,6,0
KLH014b_1437,8,8,8,8,0
KLH014b_1438,1,1,1,1,0
KLH014b_1439,13,13,13,13,0
KLH014b_1440,1,1,1,1,0
KLH014b_1441,9,9,9,9,0
KLH014b_1442,3,3,3,3,0
KLH014b_1443,1,1,1,1,0
KLH014b_1444,9,9,9,9,0
KLH014b_1445,20,20,20,20,0
KLH014b_1446,17,17,17,17,0
KLH014b_1447,7,7,7,7,0
KLH014b_1448,2,2,2,2,0
KLH014b_1449,20,20,20,20,0
KLH014b_1450,13,13,13,13,0
KLH014b_1451,14,14,14,14,0
KLH014b_1452,10,10,10,10,0
KLH014b_1453,1,1,1,1,0
KLH014b_1454,20,20,20,20,0
KLH014b_1455,20,20,20,20,0
KLH014b_1456,15,15,15,15,0
KLH014b_1457,5,5,5,5,0
KLH014b_1458,20,20,20,20,0
KLH014b_1459,14,14,14,14,0
KLH014b_1460,20,20,20,20,0
KLH014b_1461,17,17,17,17,0
KLH014b_1462,1,1,1,1,0
KLH014b_1463,13,13,13,13,0
KLH014b_1464,20,20,20,20,0
KLH014b_1465,11,11,11,11,0
KLH014b_1466,4,4,4,4,0
KLH014b_1467,3,3,3,3,0
KLH014b_1468,12,12,12,12,0
KLH014b_1469,13,13,13,13,0
KLH014b_1470,10,10,10,10,0
KLH014b_1471,8,8,8,8,0
KLH014b_1472,1,1,1,1,0
KLH014b_1473,1,1,1,1,0
KLH014b_1474,1,1,1,1,0
KLH014b_1475,20,20,20,20,0
KLH014b_1476,17,17,17,17,0
KLH014b_1477,8,8,8,8,0
KLH014b_1478,18,18,18,18,0
KLH014b_1479,15,15,15,15,0
KLH014b_1480,2,2,2,2,0
KLH014b_1481,17,17,17,17,0
KLH014b_1482,19,19,19,19,0
KLH014b_1483,1,1,1,1,0
KLH014b_1484,3,3,3,3,0
KLH014b_1485,18,18,18,18,0
KLH014b_1486,20,20,20,20,0
KLH014b_1487,12,12,12,12,0
KLH014b_1488,1,1,1,1,0
KLH014b_1489,8,8,8,8,0
KLH014b_1490,2,2,2,2,0
KLH014b_1491,15,15,15,15,0
KLH014b_1492,1,1,1,1,0
KLH014b_1493,1,1,1,1,0
KLH014b_1494,20,20,20,20,0
KLH014b_1495,1,1,1,1,0
KLH014b_1496,1,1,1,1,0
KLH014b_1497,7,7,7,7,0
KLH014b_1498,3,3,3,3,0
KLH014b_1499,7,7,7,7,0
KLH014b_1500,18,18,18,18,0
KLH014b_1501,15,15,15,15,0
KLH014b_1502,13,13,13,13,0
KLH014b_1503,18,18,18,18,0
KLH014b_1504,1,1,1,1,0
KLH014b_1505,19,19,19,19,0
KLH014b_1506,1,1,1,1,0
KLH014b_1507,20,20,20,20,0
KLH014b_1508,2,2,2,2,0
KLH014b_1509,1,1,1,1,0
KLH014b_1510,13,13,13,13,0
KLH014b_1511,20,20,20,20,0
KLH014b_1512,1,1,1,1,0
KLH014b_1513,1,1,1,1,0
KLH014b_1514,20,20,20,20,0
KLH014b_1515,10,10,10,10,0
KLH014b_1516,3,3,3,3,0
KLH014b_1517,3,3,3,3,0
KLH014b_1518,18,18,18,18,0
KLH014b_1519,18,18,18,18,0
KLH014b_1520,14,14,14,14,0
KLH014b_1521,1,1,1,1,0
KLH014b_1522,1,1,1,1,0
KLH014b_1523,19,19,19,19,0
KLH014b_1524,20,20,20,20,0
KLH014b_1525,13,13,13,13,0
KLH014b_1526,2,2,2,2,0
KLH014b_1527,1,1,1,1,0
KLH014b_1528,1,1,1,1,0
KLH014b_1529,1,1,1,1,0
KLH014b_1530,5,5,5,5,0
KLH014b_1531,16,16,16,16,0
KLH014b_1532,2,2,2,2,0
KLH014b_1533,10,10,10,10,0
KLH014b_1534,20,20,20,20,0
KLH014b_1535,5,5,5,5,0
KLH014b_1536,4,4,4,4,0
KLH014b_1537,13,13,13,13,0
KLH014b_1538,17,17,17,17,0
KLH014b_1539,1,1,1,1,0
KLH014b_1540,11,11,11,11,0
KLH014b_1541,20,20,20,20,0
KLH014b_1542,9,9,9,9,0
KLH014b_1543,20,20,20,20,0
KLH014b_1544,1,1,1,1,0
KLH014b_1545,2,2,2,2,0
KLH014b_1546,3,3,3,3,0
KLH014b_1547,15,15,15,15,0
KLH014b_1548,2,2,2,2,0
KLH014b_1549,12,12,12,12,0
KLH014b_1550,10,10,10,10,0
KLH014b_1551,2,2,2,2,0
KLH014b_1552,15,15,15,15,0
KLH014b_1553,1,1,1,1,0
KLH014b_1554,1,1,1,1,0
KLH014b_1555,18,18,18,18,0
KLH014b_1556,6,6,6,6,0
KLH014b_1557,5,5,5,5,0
KLH014b_1558,1,1,1,1,0
KLH014b_1559,9,9,9,9,0
KLH014b_1560,14,14,14,14,0
KLH014b_1561,20,20,20,20,0
KLH014b_1562,1,1,1,1,0
KLH014b_1563,8,8,8,8,0
KLH014b_1564,1,1,1,1,0
KLH014b_1565,20,20,20,20,0
KLH014b_1566,19,19,19,19,0
KLH014b_1567,5,5,5,5,0
KLH014b_1568,16,16,16,16,0
KLH014b_1569,19,19,19,19,0
KLH014b_1570,11,11,11,11,0
KLH014b_1571,8,8,8,8,0
KLH014b_1572,19,19,19,19,0
KLH014b_1573,1,1,1,1,0
KLH014b_1574,14,14,14,14,0
KLH014b_1575,2,2,2,2,0
KLH014b_1576,20,20,20,20,0
KLH014b_1577,18,18,18,18,0
KLH014b_1578,1,1,1,1,0
KLH014b_1579,1,1,1,1,0
KLH014b_1580,1,1,1,1,0
KLH014b_1581,1,1,1,1,0
KLH014b_1582,9,9,9,9,0
KLH014b_1583,5,5,5,5,0
KLH014b_1584,18,18,18,18,0
KLH014b_1585,17,17,17,17,0
KLH014b_1586,1,1,1,1,0
KLH014b_1587,18,18,18,18,0
KLH014b_1588,7,7,7,7,0
KLH014b_1589,9,9,9,9,0
KLH014b_1590,1,1,1,1,0
KLH014b_1591,2,2,2,2,0
KLH014b_1592,2,2,2,2,0
KLH014b_1593,8,8,8,8,0
KLH014b_1594,1,1,1,1,0
KLH014b_1595,20,20,20,20,0
KLH014b_1596,11,11,11,11,0
KLH014b_1597,1,1,1,1,0
KLH014b_1598,19,19,19,19,0
KLH014b_1599,12,12,12,12,0
KLH014b_1600,17,17,17,17,0
KLH014b_1601,18,18,18,18,0
KLH014b_1602,19,19,19,19,0
KLH014b_1603,20,20,20,20,0
KLH014b_1604,20,20,20,20,0
KLH014b_1605,16,16,16,16,0
KLH014b_1606,1,1,1,1,0
KLH014b_1607,8,8,8,8,0
KLH014b_1608,1,1,1,1,0
KLH014b_1609,6,6,6,6,0
KLH014b_1610,20,20,20,20,0
KLH014b_1611,1,1,1,1,0
KLH014b_1612,10,10,10,10,0
KLH014b_1613,1,1,1,1,0
KLH014b_1614,1,1,1,1,0
KLH014b_1615,15,15,15,15,0
KLH014b_1616,6,6,6,6,0
KLH014b_1617,20,20,20,20,0
KLH014b_1618,4,4,4,4,0
KLH014b_1619,4,4,4,4,0
KLH014b_1620,14,14,14,14,0
KLH014b_1621,19,19,19,19,0
KLH014b_1622,1,1,1,1,0
KLH014b_1623,1,1,1,1,0
KLH014b_1624,20,20,20,20,0
KLH014b_1625,11,11,11,11,0
KLH014b_1626,11,11,11,11,0
KLH014b_1627,12,12,12,12,0
KLH014b_1628,18,18,18,18,0
KLH014b_1629,17,17,17,17,0
KLH014b_1630,6,6,6,6,0
KLH014b_1631,1,1,1,1,0
KLH014b_1632,1,1,1,1,0
KLH014b_1633,19,19,19,19,0
KLH014b_1634,9,9,9,9,0
KLH014b_1635,1,1,1,1,0
KLH014b_1636,1,1,1,1,0
KLH014b_1637,10,10,10,10,0
KLH014b_1638,19,19,19,19,0
KLH014b_1639,13,13,13,13,0
KLH014b_1640,1,1,1,1,0
KLH014b_1641,1,1,1,1,0
KLH014b_1642,18,18,18,18,0
KLH014b_1643,20,20,20,20,0
KLH014b_1644,3,3,3,3,0
KLH014b_1645,9,9,9,9,0
KLH014b_1646,4,4,4,4,0
KLH014b_1647,2,2,2,2,0
KLH014b_1648,20,20,20,20,0
KLH014b_1649,13,13,13,13,0
KLH014b_1650,16,16,16,16,0
KLH014b_1651,1,1,1,1,0
KLH014b_1652,3,3,3,3,0
KLH014b_1653,20,20,20,20,0
KLH014b_1654,18,18,18,18,0
KLH014b_1655,20,20,20,20,0
KLH014b_1656,16,16,16,16,0
KLH014b_1657,7,7,7,7,0
KLH014b_1658,15,15,15,15,0
KLH014b_1659,13,13,13,13,0
KLH014b_1660,17,17,17,17,0
KLH014b_1661,16,16,16,16,0
KLH014c_0001,13,13,13,13,0
KLH014c_0002,13,13,13,13,0
KLH014c_0003,10,10,10,10,0
KLH014c_0004,19,19,19,19,0
KLH014c_0005,17,17,17,17,0
KLH014c_0006,2,2,2,2,0
KLH014c_0007,12,12,12,12,0
KLH014c_0008,3,3,3,3,0
KLH014c_0009,1,1,1,1,0
